"fl_date","origin","avg_arr_delay","avg_dep_delay","num_of_flights"
"2018-01-01","LAX",3.95870206489676,14.9424778761062,678
"2018-01-02","LAX",6.76338028169014,14.1316526610644,714
"2018-01-03","LAX",-3.84040995607613,5.84941520467836,684
"2018-01-04","LAX",-3.10172143974961,6.50077760497667,643
"2018-01-05","LAX",10.6788856304985,15.7947214076246,682
"2018-01-06","LAX",-0.167796610169492,9.53898305084746,590
"2018-01-07","LAX",6.80406386066763,12.9465317919075,692
"2018-01-08","LAX",7.70821114369501,17.0629575402635,683
"2018-01-09","LAX",3.88643533123028,13.4047244094488,635
"2018-01-10","LAX",-0.139318885448916,6.21329211746522,647
"2018-01-11","LAX",-3.05208333333333,5.16642120765832,679
"2018-01-12","LAX",13.6417033773862,17.9794419970631,681
"2018-01-13","LAX",-6.53947368421053,2.47663551401869,535
"2018-01-14","LAX",-7.97203947368421,0.878489326765189,609
"2018-01-15","LAX",-3.0922619047619,6.29717682020802,673
"2018-01-16","LAX",-1.72089314194577,4.67675159235669,628
"2018-01-17","LAX",3.66978193146417,5.32710280373832,642
"2018-01-18","LAX",-0.167664670658683,3.71599402092676,669
"2018-01-19","LAX",-3.09319526627219,7.15976331360947,676
"2018-01-20","LAX",-8.49256505576208,0.566914498141264,538
"2018-01-21","LAX",1.21664050235479,8.55102040816327,637
"2018-01-22","LAX",-9.31240657698057,-1.06110283159463,671
"2018-01-23","LAX",-9.80847723704867,-0.0643642072213501,637
"2018-01-24","LAX",-4.85426356589147,2.84698608964451,647
"2018-01-25","LAX",-5.87887740029542,1.49115044247788,678
"2018-01-26","LAX",-7.1112737920937,-0.355783308931186,683
"2018-01-27","LAX",-5.0205223880597,2.07462686567164,536
"2018-01-28","LAX",-3.95,1.32814930015552,643
"2018-01-29","LAX",-5.31563421828909,-2.05457227138643,678
"2018-01-30","LAX",-9.16483516483516,-2.12068965517241,638
"2018-01-31","LAX",-11.6163328197227,-4.51692307692308,650
"2018-02-01","LAX",-4.96592592592593,4.25481481481481,679
"2018-02-02","LAX",-5.74781341107872,2.80203784570597,687
"2018-02-03","LAX",-10.5195530726257,-1.50837988826816,537
"2018-02-04","LAX",-7.91201353637902,0.558922558922559,595
"2018-02-05","LAX",-2.00749625187406,7.85267857142857,679
"2018-02-06","LAX",-10.7352024922118,-0.403100775193798,647
"2018-02-07","LAX",0.0944272445820433,3.87306501547988,654
"2018-02-08","LAX",-6.50746268656716,0.0955223880597015,679
"2018-02-09","LAX",16.6531531531532,25.0974512743628,683
"2018-02-10","LAX",-1.54253308128544,8.45505617977528,536
"2018-02-11","LAX",-1.42924528301887,7.08006279434851,643
"2018-02-12","LAX",-8.81952662721893,4.47935103244838,680
"2018-02-13","LAX",-15.5397815912637,1.39781591263651,646
"2018-02-14","LAX",-13.5409836065574,2.87213114754098,612
"2018-02-15","LAX",-5.12463768115942,10.2722063037249,702
"2018-02-16","LAX",-0.34468085106383,10.9304964539007,707
"2018-02-17","LAX",-6.28191489361702,5.53086419753086,568
"2018-02-18","LAX",-8.2272,2.7168,627
"2018-02-19","LAX",6.93777134587554,15.0028818443804,700
"2018-02-20","LAX",5.65583456425406,12.2653958944282,690
"2018-02-21","LAX",0.400874635568513,9.04941860465116,695
"2018-02-22","LAX",3.5348506401138,11.7002840909091,704
"2018-02-23","LAX",-0.833806818181818,9.57021276595745,706
"2018-02-24","LAX",-5.32984293193717,4.96,576
"2018-02-25","LAX",-4.64036418816388,7.69184290030211,663
"2018-02-26","LAX",-4.41893830703013,10.2893982808023,702
"2018-02-27","LAX",-12.9717682020802,4.69185185185185,688
"2018-02-28","LAX",-3.33042212518195,9.95375722543353,696
"2018-03-01","LAX",3.01176470588235,14.6055718475073,704
"2018-03-02","LAX",15.7319277108434,21.540059347181,708
"2018-03-03","LAX",0.921847246891652,14.0193661971831,576
"2018-03-04","LAX",-2.72382397572079,9.15256797583082,662
"2018-03-05","LAX",-2.66091954022989,8.91104734576757,702
"2018-03-06","LAX",-7.86470588235294,4.07205882352941,687
"2018-03-07","LAX",-7.19490254872564,4.01791044776119,694
"2018-03-08","LAX",-3.05285714285714,6.62054208273894,704
"2018-03-09","LAX",3.18130311614731,12.5918079096045,709
"2018-03-10","LAX",-2.26386554621849,9.52596314907873,599
"2018-03-11","LAX",6.92452830188679,14.3724637681159,690
"2018-03-12","LAX",6.54202898550725,13.494964028777,709
"2018-03-13","LAX",0.955223880597015,8.90909090909091,690
"2018-03-14","LAX",10.6168359941945,17.5753623188406,699
"2018-03-15","LAX",5.94751773049645,14.2096317280453,712
"2018-03-16","LAX",6.00854700854701,15.9673758865248,711
"2018-03-17","LAX",-7.29441624365482,4.48310810810811,594
"2018-03-18","LAX",-4.53901734104046,6.12265512265512,695
"2018-03-19","LAX",-2.63714285714286,6.60428571428571,708
"2018-03-20","LAX",2.45413533834586,11.581954887218,690
"2018-03-21","LAX",7.55968992248062,18.2921174652241,702
"2018-03-22","LAX",45.6374269005848,46.178102189781,713
"2018-03-23","LAX",2.90112994350282,13.4442877291961,712
"2018-03-24","LAX",-2.6722972972973,9.23569023569024,598
"2018-03-25","LAX",-4.60201149425287,7.66954022988506,697
"2018-03-26","LAX",3.03271692745377,9.40398293029872,707
"2018-03-27","LAX",2.95876288659794,6.725,689
"2018-03-28","LAX",3.8328488372093,9.02898550724638,697
"2018-03-29","LAX",7.57122507122507,11.0241477272727,708
"2018-03-30","LAX",6.20709219858156,12.024045261669,708
"2018-03-31","LAX",-5.99313893653516,6.4991423670669,584
"2018-04-01","LAX",-3.24963503649635,10.1880466472303,687
"2018-04-02","LAX",0.742165242165242,9.47517730496454,707
"2018-04-03","LAX",1.95870206489676,8.55441176470588,685
"2018-04-04","LAX",5.81049562682216,11.2270742358079,695
"2018-04-05","LAX",0.514124293785311,6.31779661016949,711
"2018-04-06","LAX",7.9038737446198,12.2054208273894,716
"2018-04-07","LAX",-1.69023569023569,6.20637583892617,601
"2018-04-08","LAX",-4.54065620542083,8.13817663817664,702
"2018-04-09","LAX",-0.436974789915966,6.71148459383754,718
"2018-04-10","LAX",-3.88790560471976,3.77908689248895,686
"2018-04-11","LAX",-6.69784172661871,3.6551724137931,701
"2018-04-12","LAX",0.6125,7.51872399445215,728
"2018-04-13","LAX",8.33009708737864,8.63237311385459,730
"2018-04-14","LAX",2.21283783783784,5.29124579124579,602
"2018-04-15","LAX",9.6705035971223,16.8345221112696,707
"2018-04-16","LAX",18.466573816156,27.1861111111111,726
"2018-04-17","LAX",-2.83060921248143,10.3679525222552,683
"2018-04-18","LAX",-7.91341991341991,5.32756132756133,698
"2018-04-19","LAX",2.05013927576602,8.51532033426184,725
"2018-04-20","LAX",-0.67817679558011,6.79558011049724,727
"2018-04-21","LAX",-2.46577629382304,6.62562396006656,602
"2018-04-22","LAX",3.16806722689076,8.76330532212885,716
"2018-04-23","LAX",5.2883008356546,9.14763231197772,725
"2018-04-24","LAX",-0.824587706146927,7.11244377811094,675
"2018-04-25","LAX",1.18088235294118,7.81964809384164,689
"2018-04-26","LAX",1.6125,8.50208044382802,725
"2018-04-27","LAX",3.40302613480055,6.74109589041096,730
"2018-04-28","LAX",-2.6887417218543,0.487603305785124,606
"2018-04-29","LAX",6.6484593837535,10.5818181818182,717
"2018-04-30","LAX",1.76933701657459,6.2292817679558,726
"2018-05-01","LAX",-3.68343195266272,1.59970457902511,687
"2018-05-02","LAX",-0.829694323144105,3.77011494252874,704
"2018-05-03","LAX",9.73296244784423,13.595567867036,727
"2018-05-04","LAX",2.70620689655172,8.07724137931035,729
"2018-05-05","LAX",-3.30858085808581,2.12706270627063,607
"2018-05-06","LAX",5.05477528089888,10.7598314606742,715
"2018-05-07","LAX",-1.44784422809458,3.18915159944367,726
"2018-05-08","LAX",-1.89912280701754,4.08309037900875,690
"2018-05-09","LAX",4.5982905982906,8.72364672364672,707
"2018-05-10","LAX",4.53055555555556,6.67862068965517,728
"2018-05-11","LAX",3.22527472527473,8.17032967032967,728
"2018-05-12","LAX",-3.77181208053691,3.19333333333333,601
"2018-05-13","LAX",-3.16763005780347,3.8328530259366,695
"2018-05-14","LAX",4.59300699300699,10.8236111111111,729
"2018-05-15","LAX",1.88546255506608,8.57412790697674,699
"2018-05-16","LAX",-1.63233190271817,7.83166904422254,713
"2018-05-17","LAX",1.85379310344828,9.39310344827586,731
"2018-05-18","LAX",10.6537396121884,13.7275242047026,731
"2018-05-19","LAX",2.35927152317881,5.14403973509934,607
"2018-05-20","LAX",13.9056338028169,16.8543417366947,720
"2018-05-21","LAX",9.72214580467675,13.5253772290809,732
"2018-05-22","LAX",3.50578034682081,7.31024531024531,699
"2018-05-23","LAX",6.24578651685393,8.60729312762973,716
"2018-05-24","LAX",6.75274725274725,11.2041095890411,733
"2018-05-25","LAX",-0.975308641975309,8.05198358413133,734
"2018-05-26","LAX",-3.01340033500838,3.87604690117253,597
"2018-05-27","LAX",-9.60063897763578,0.252380952380952,630
"2018-05-28","LAX",-2.67842031029619,6.4185393258427,713
"2018-05-29","LAX",-3.17765042979943,5.37142857142857,704
"2018-05-30","LAX",3.69886363636364,12.0535966149506,720
"2018-05-31","LAX",4.95706371191136,11.3886583679115,729
"2018-06-01","LAX",-1.83195592286501,4.96011004126547,730
"2018-06-02","LAX",-2.32781456953642,5.26942148760331,609
"2018-06-03","LAX",1.62916666666667,9.49307479224377,722
"2018-06-04","LAX",-1.2202462380301,8.65573770491803,736
"2018-06-05","LAX",-8.15504978662873,2.05957446808511,708
"2018-06-06","LAX",-1.54696132596685,5.37793103448276,731
"2018-06-07","LAX",2.28897849462366,7.96128170894526,757
"2018-06-08","LAX",3.11497326203209,8.46870838881491,759
"2018-06-09","LAX",3.46551724137931,8.72118380062305,645
"2018-06-10","LAX",5.53605442176871,10.8054421768707,743
"2018-06-11","LAX",2.62334217506631,7.8968253968254,763
"2018-06-12","LAX",-2.18096514745308,5.64123159303882,748
"2018-06-13","LAX",2.19189189189189,8.20295698924731,751
"2018-06-14","LAX",-0.103448275862069,5.98282694848085,758
"2018-06-15","LAX",4.29100529100529,10.4108322324967,759
"2018-06-16","LAX",1.87596899224806,5.74108527131783,646
"2018-06-17","LAX",4.33288043478261,8.50679347826087,741
"2018-06-18","LAX",3.57579787234043,8.48806366047745,762
"2018-06-19","LAX",2.28785811732606,9.84081632653061,746
"2018-06-20","LAX",0.352624495289367,8.65994623655914,752
"2018-06-21","LAX",3.22281879194631,10.0885906040268,757
"2018-06-22","LAX",5.83488681757656,10.4435590969456,758
"2018-06-23","LAX",0.117004680187207,7.46583850931677,646
"2018-06-24","LAX",8.49051490514905,12.8744939271255,741
"2018-06-25","LAX",11.1644385026738,15.5718085106383,762
"2018-06-26","LAX",2.86357435197817,8.97150610583446,746
"2018-06-27","LAX",-0.531543624161074,5.73056300268096,752
"2018-06-28","LAX",3.04697986577181,8.18375499334221,758
"2018-06-29","LAX",2.60529801324503,7.12945838837517,760
"2018-06-30","LAX",0.513761467889908,5.15220700152207,660
"2018-07-01","LAX",0.21830985915493,3.93811533052039,714
"2018-07-02","LAX",0.361462728551336,3.58087201125176,716
"2018-07-03","LAX",0.266566265060241,7.36036036036036,669
"2018-07-04","LAX",-6.0609375,1.46261682242991,644
"2018-07-05","LAX",3.29014084507042,6.98743016759777,722
"2018-07-06","LAX",2.19295774647887,6.68067226890756,722
"2018-07-07","LAX",3.90262751159196,6.26964560862866,653
"2018-07-08","LAX",4.17503392130258,5.26180836707152,742
"2018-07-09","LAX",11.6507304116866,10.6195508586526,763
"2018-07-10","LAX",5.40915208613728,8.45369127516778,752
"2018-07-11","LAX",5.68850267379679,5.46461949265688,756
"2018-07-12","LAX",7.63122476446837,9.20639147802929,760
"2018-07-13","LAX",2.37967914438503,4.21646746347942,761
"2018-07-14","LAX",1.45412130637636,3.37461300309598,651
"2018-07-15","LAX",8.23593964334705,10.7896174863388,739
"2018-07-16","LAX",3.29255319148936,6.38807947019868,760
"2018-07-17","LAX",11.3283378746594,14.7527027027027,750
"2018-07-18","LAX",2.24798927613941,5.27211796246649,755
"2018-07-19","LAX",6.14873837981408,8.85013262599469,758
"2018-07-20","LAX",11.0708556149733,11.797603195739,758
"2018-07-21","LAX",4.22874806800618,8.64814814814815,649
"2018-07-22","LAX",10.7534435261708,13.1833105335157,740
"2018-07-23","LAX",15.1644204851752,19.2449528936743,761
"2018-07-24","LAX",6.40791268758527,11.8639455782313,751
"2018-07-25","LAX",9.59036144578313,12.6048064085447,756
"2018-07-26","LAX",2.25033467202142,10.1885026737968,756
"2018-07-27","LAX",5.70816599732262,11.7616511318242,760
"2018-07-28","LAX",4.19781931464174,12.4527131782946,648
"2018-07-29","LAX",9.66621253405995,16.3115646258503,740
"2018-07-30","LAX",4.39021164021164,10.9167767503303,760
"2018-07-31","LAX",4.36648501362398,10.7513513513514,748
"2018-08-01","LAX",6.47651006711409,9.8230563002681,754
"2018-08-02","LAX",18.5236806495264,15.9570469798658,757
"2018-08-03","LAX",16.0349462365591,18.7716955941255,756
"2018-08-04","LAX",2.04798761609907,10.4040247678019,648
"2018-08-05","LAX",1.73207036535859,7.75168690958165,742
"2018-08-06","LAX",3.38815789473684,9.54068241469816,765
"2018-08-07","LAX",9.03230148048452,11.9692923898531,757
"2018-08-08","LAX",17.8371777476255,20.1081081081081,759
"2018-08-09","LAX",10.0725593667546,13.5072463768116,766
"2018-08-10","LAX",5.46376811594203,8.02875816993464,770
"2018-08-11","LAX",11.1946202531646,11.9308176100629,644
"2018-08-12","LAX",9.58082191780822,10.9002732240437,739
"2018-08-13","LAX",10.3166226912929,13.2160737812912,766
"2018-08-14","LAX",14.0653950953678,18.0625,749
"2018-08-15","LAX",8.92982456140351,12.0685483870968,752
"2018-08-16","LAX",8.98406374501992,11.9774834437086,761
"2018-08-17","LAX",6.10709504685408,8.85885486018642,756
"2018-08-18","LAX",1.73675762439807,8.00637958532695,631
"2018-08-19","LAX",8.62243502051984,12.5860655737705,737
"2018-08-20","LAX",5.41176470588235,9.148,753
"2018-08-21","LAX",4.86142857142857,10.0813124108417,709
"2018-08-22","LAX",-2.18987341772152,5.37693389592124,718
"2018-08-23","LAX",-2.2746185852982,6.11756569847856,735
"2018-08-24","LAX",2.41355463347165,9.60137931034483,736
"2018-08-25","LAX",-5.18677685950413,2.84349258649094,610
"2018-08-26","LAX",-3.79295774647887,3.50490883590463,714
"2018-08-27","LAX",3.31629834254144,8.47658402203857,731
"2018-08-28","LAX",-0.449781659388646,5.90579710144928,699
"2018-08-29","LAX",-1.18528995756719,5.91525423728814,716
"2018-08-30","LAX",-2.24380165289256,3.91746905089409,730
"2018-08-31","LAX",2.18732782369146,7.46280991735537,729
"2018-09-01","LAX",1.91858407079646,6.08127208480565,568
"2018-09-02","LAX",-3.08910891089109,1.17927631578947,610
"2018-09-03","LAX",6.91012838801712,7.85310734463277,711
"2018-09-04","LAX",-1.12426035502959,4,680
"2018-09-05","LAX",-1.49271137026239,2.1268221574344,692
"2018-09-06","LAX",-0.836468885672938,1.36796536796537,700
"2018-09-07","LAX",1.0203488372093,3.66425470332851,698
"2018-09-08","LAX",-4.78839590443686,-0.5,588
"2018-09-09","LAX",-2.06590257879656,3.14835948644793,704
"2018-09-10","LAX",-1.72394366197183,2.56619718309859,713
"2018-09-11","LAX",-6.31054977711738,0.728486646884273,679
"2018-09-12","LAX",-6.39080459770115,0.364942528735632,699
"2018-09-13","LAX",-3.67400275103164,3.14423076923077,728
"2018-09-14","LAX",-1.78670360110803,3.82872928176796,727
"2018-09-15","LAX",-7.82939189189189,0.295608108108108,593
"2018-09-16","LAX",-0.0129496402877698,7.82471264367816,701
"2018-09-17","LAX",1.66434540389972,10.009735744089,724
"2018-09-18","LAX",-4.15952732644018,2.99410029498525,685
"2018-09-19","LAX",-3.81061692969871,3.0214899713467,704
"2018-09-20","LAX",4.67728531855956,8.18672199170124,726
"2018-09-21","LAX",1.78340365682138,8.90921787709497,726
"2018-09-22","LAX",-5.26575809199319,4.73424190800681,590
"2018-09-23","LAX",-1.63623395149786,8.17521367521367,704
"2018-09-24","LAX",-5.75524475524475,3.72524407252441,721
"2018-09-25","LAX",-3.53166421207658,3.80176211453744,685
"2018-09-26","LAX",3.13237410071942,6.09352517985612,704
"2018-09-27","LAX",1.39638386648122,5.5375,723
"2018-09-28","LAX",1.22777777777778,6.75416666666667,723
"2018-09-29","LAX",-2.32474226804124,6.98797250859107,588
"2018-09-30","LAX",-6.26724137931035,4.9698275862069,701
"2018-10-01","LAX",-3.01549295774648,5.59747545582048,716
"2018-10-02","LAX",-8.46359583952452,1.12444444444444,677
"2018-10-03","LAX",-5.60492040520984,3.64544138929088,694
"2018-10-04","LAX",-2.96239554317549,6.05988857938719,720
"2018-10-05","LAX",-2.28194444444444,4.02904564315353,724
"2018-10-06","LAX",-3.28397212543554,4.03478260869565,577
"2018-10-07","LAX",5.28238719068413,4.96806966618287,689
"2018-10-08","LAX",6.6459802538787,5.9732770745429,713
"2018-10-09","LAX",2.11340206185567,4.78005865102639,690
"2018-10-10","LAX",-4.02312138728324,6.19219653179191,696
"2018-10-11","LAX",-0.676966292134832,12.0293706293706,722
"2018-10-12","LAX",7.0768156424581,15.5557103064067,721
"2018-10-13","LAX",-0.705372616984402,9.62218370883882,580
"2018-10-14","LAX",-3.50359712230216,9.19540229885057,698
"2018-10-15","LAX",15.1615168539326,19.2773109243697,718
"2018-10-16","LAX",-9.36773255813953,2.43976777939042,693
"2018-10-17","LAX",-8.16618911174785,4.00859598853868,701
"2018-10-18","LAX",-1.93854748603352,6.46368715083799,722
"2018-10-19","LAX",3.24191279887482,13.1020979020979,718
"2018-10-20","LAX",-2.96695652173913,4.20521739130435,576
"2018-10-21","LAX",-0.87463556851312,7.53333333333333,692
"2018-10-22","LAX",-0.104519774011299,8.9747191011236,714
"2018-10-23","LAX",-0.0657894736842105,8.00583941605839,693
"2018-10-24","LAX",-4.64172661870504,3.9066091954023,701
"2018-10-25","LAX",1.27855153203343,4.63927576601671,722
"2018-10-26","LAX",12.8739612188366,12.1092669432918,724
"2018-10-27","LAX",2.1613475177305,8.99115044247788,566
"2018-10-28","LAX",5.01972685887709,12.4294385432473,659
"2018-10-29","LAX",1.8301043219076,10.9344262295082,673
"2018-10-30","LAX",-5.83622047244094,3.53930817610063,641
"2018-10-31","LAX",-4.89547038327526,0.350086655112652,578
"2018-11-01","LAX",4.13362701908957,4.76392961876833,690
"2018-11-02","LAX",-0.824817518248175,4.27140783744557,691
"2018-11-03","LAX",-4.33040421792619,1.88752196836555,572
"2018-11-04","LAX",-2.24558823529412,1.80323054331865,683
"2018-11-05","LAX",-2.998556998557,5.25936599423631,695
"2018-11-06","LAX",-6.39819004524887,5.40902255639098,669
"2018-11-07","LAX",-5.68805970149254,4.95230998509687,675
"2018-11-08","LAX",-1.82040229885057,6.24821683309558,703
"2018-11-09","LAX",10.5121602288984,14.6466380543634,703
"2018-11-10","LAX",-3.85464098073555,4.03677758318739,571
"2018-11-11","LAX",0.964860907759883,8.34260614934114,686
"2018-11-12","LAX",3.47954866008463,4.81523272214386,710
"2018-11-13","LAX",2.66813509544787,3.15959004392387,687
"2018-11-14","LAX",4.94428152492669,5.35630498533724,689
"2018-11-15","LAX",18.7539118065434,17.3776520509194,718
"2018-11-16","LAX",14.049504950495,18.3036723163842,711
"2018-11-17","LAX",2.61716171617162,9.78382838283828,608
"2018-11-18","LAX",-1.91428571428571,5.4009009009009,667
"2018-11-19","LAX",-3.08295625942685,2.90210843373494,667
"2018-11-20","LAX",6.93401759530792,9.89082969432314,691
"2018-11-21","LAX",5.74079320113314,12.2079207920792,711
"2018-11-22","LAX",-12.1425485961123,1.34341252699784,464
"2018-11-23","LAX",-11.6384479717813,-0.0334507042253521,569
"2018-11-24","LAX",-0.115044247787611,6.71575846833579,681
"2018-11-25","LAX",7.29619181946403,11.4706703910615,729
"2018-11-26","LAX",19.6492220650637,18.5084745762712,713
"2018-11-27","LAX",5.59270072992701,6.77810218978102,689
"2018-11-28","LAX",-3.38088012139605,3.9530303030303,668
"2018-11-29","LAX",21.9554896142433,27.4725925925926,691
"2018-11-30","LAX",-1.47667638483965,4.59189580318379,692
"2018-12-01","LAX",-5.63090909090909,2.92779783393502,554
"2018-12-02","LAX",-7.37272727272727,3.58484848484848,660
"2018-12-03","LAX",-9.07749627421759,2.40564635958395,677
"2018-12-04","LAX",-9.1703125,5.384375,648
"2018-12-05","LAX",1.99530516431925,10.3724569640063,662
"2018-12-06","LAX",26.7525622254758,33.7094890510949,690
"2018-12-07","LAX",-0.162790697674419,6.72278664731495,691
"2018-12-08","LAX",-4.37294332723949,2.60766423357664,549
"2018-12-09","LAX",-1.79878048780488,5.6027397260274,659
"2018-12-10","LAX",-2.1973293768546,5.66074074074074,679
"2018-12-11","LAX",-1.90668740279938,6.22515527950311,648
"2018-12-12","LAX",-1.85015290519878,2.21221374045802,657
"2018-12-13","LAX",3.95500725689405,4.25,692
"2018-12-14","LAX",4.83625730994152,8.40497076023392,688
"2018-12-15","LAX",-0.666666666666667,4.31159420289855,552
"2018-12-16","LAX",7.35968992248062,9.95046439628483,656
"2018-12-17","LAX",3.79320531757755,6.24224519940916,679
"2018-12-18","LAX",1.9047619047619,3.67331288343558,654
"2018-12-19","LAX",4.26859504132231,7.32599724896836,729
"2018-12-20","LAX",9.94182825484765,13.060857538036,730
"2018-12-21","LAX",13.0987654320988,18.4602739726027,732
"2018-12-22","LAX",-0.899425287356322,8.4054441260745,699
"2018-12-23","LAX",2.24021592442645,7.72334682860999,741
"2018-12-24","LAX",-2.05573248407643,8.10268562401264,633
"2018-12-25","LAX",-1.10485133020344,6.11111111111111,639
"2018-12-26","LAX",9.89130434782609,9.46595460614152,753
"2018-12-27","LAX",22.8724559023066,22.5669824086604,755
"2018-12-28","LAX",13.3189771197847,15.2110215053763,751
"2018-12-29","LAX",7.65755395683453,9.71754636233952,701
"2018-12-30","LAX",4.85869565217391,8.69324324324324,742
"2018-12-31","LAX",-1.92464678178964,6.82892690513219,652
"2019-01-01","LAX",3.17428571428571,12.02,705
"2019-01-02","LAX",9.30737704918033,13.7643051771117,738
"2019-01-03","LAX",1.23389355742297,5.55927475592748,717
"2019-01-04","LAX",-4.875,2.01540616246499,715
"2019-01-05","LAX",8.63961038961039,17.1035598705502,624
"2019-01-06","LAX",16.1596385542169,26.1537313432836,690
"2019-01-07","LAX",8.67441860465116,10.0072463768116,692
"2019-01-08","LAX",-7.2741935483871,4.10806451612903,631
"2019-01-09","LAX",-9.91269841269841,3.01267828843106,645
"2019-01-10","LAX",0.152818991097923,6.98389458272328,693
"2019-01-11","LAX",-6.98973607038123,2.55393586005831,691
"2019-01-12","LAX",1.60798548094374,5.13586956521739,554
"2019-01-13","LAX",-6.37129485179407,5.95186335403727,649
"2019-01-14","LAX",12.7818991097923,17.1259259259259,686
"2019-01-15","LAX",12.4026186579378,17.1745513866232,624
"2019-01-16","LAX",16.6928104575163,18.7479806138934,638
"2019-01-17","LAX",18.0503703703704,18.2356406480118,691
"2019-01-18","LAX",0.153731343283582,4.55703703703704,688
"2019-01-19","LAX",0.968932038834951,5.94015444015444,540
"2019-01-20","LAX",-6.83670033670034,5.39429530201342,601
"2019-01-21","LAX",5.02083333333333,16.0890207715134,678
"2019-01-22","LAX",5.83469721767594,11.3409090909091,625
"2019-01-23","LAX",-5.08990536277603,0.89937106918239,639
"2019-01-24","LAX",-0.52463768115942,8.56231884057971,692
"2019-01-25","LAX",-3.51237263464338,2.2575976845152,691
"2019-01-26","LAX",-4.65698729582577,-0.597096188747731,551
"2019-01-27","LAX",-1.16174183514774,4.24806201550388,652
"2019-01-28","LAX",-7.84592145015106,3.70209580838323,686
"2019-01-29","LAX",-10.8914473684211,0.84375,622
"2019-01-30","LAX",-6.51623376623377,1.61102106969206,637
"2019-01-31","LAX",36.951367781155,34.52416918429,691
"2019-02-01","LAX",15.6917404129794,20.9354838709677,691
"2019-02-02","LAX",12.5690298507463,17.5631970260223,547
"2019-02-03","LAX",0.620232172470978,9.28382838283828,613
"2019-02-04","LAX",5.11160714285714,16.2237037037037,690
"2019-02-05","LAX",-9.71869918699187,5.39805825242718,627
"2019-02-06","LAX",-9.69811320754717,2.79120879120879,641
"2019-02-07","LAX",-1.97959183673469,8.63318777292576,693
"2019-02-08","LAX",2.62573964497041,13.7548005908419,691
"2019-02-09","LAX",3.27407407407407,13.8238532110092,552
"2019-02-10","LAX",7.62928348909657,17.9058641975309,654
"2019-02-11","LAX",5.2134328358209,12.9674074074074,688
"2019-02-12","LAX",9.07119741100324,14.3311793214863,628
"2019-02-13","LAX",22.4437086092715,28.1865793780687,646
"2019-02-14","LAX",33.1760355029586,40.8044117647059,708
"2019-02-15","LAX",11.9181034482759,23.1348637015782,708
"2019-02-16","LAX",-7.05160142348754,6.90492957746479,568
"2019-02-17","LAX",3.45440251572327,16.1208791208791,640
"2019-02-18","LAX",1.63386396526773,14.0721500721501,700
"2019-02-19","LAX",0.665625,8.73322932917317,664
"2019-02-20","LAX",6.58358662613982,13.9757575757576,677
"2019-02-21","LAX",5.61459854014599,14.6107871720117,709
"2019-02-22","LAX",8.7787481804949,15.1259044862518,707
"2019-02-23","LAX",-0.96695652173913,7.84801381692573,584
"2019-02-24","LAX",0.284431137724551,9.52765321375187,672
"2019-02-25","LAX",6.48498498498498,14.8149253731343,704
"2019-02-26","LAX",2.4192,12.0839936608558,662
"2019-02-27","LAX",0.831746031746032,10.9810126582278,656
"2019-02-28","LAX",3.41823444283647,12.1457431457431,708
"2019-03-01","LAX",-1.26571428571429,10.8457142857143,707
"2019-03-02","LAX",11.7465277777778,19.5909878682842,584
"2019-03-03","LAX",6.4947049924357,18.8228228228228,681
"2019-03-04","LAX",2.89871611982882,15.7777777777778,713
"2019-03-05","LAX",0.535384615384615,10.906584992343,670
"2019-03-06","LAX",8.1859756097561,15.9969696969697,684
"2019-03-07","LAX",-2.68413597733711,12.4527503526093,721
"2019-03-08","LAX",-0.0432960893854749,11.9791086350975,728
"2019-03-09","LAX",4.75126903553299,16.1891891891892,599
"2019-03-10","LAX",4.40459110473458,20.3022922636103,709
"2019-03-11","LAX",-4.43076923076923,8.48256624825662,726
"2019-03-12","LAX",3.58321060382916,7.55441176470588,685
"2019-03-13","LAX",-2.33684210526316,7.47384155455904,696
"2019-03-14","LAX",6.50698324022346,15.8983286908078,730
"2019-03-15","LAX",4.66899441340782,11.4798331015299,730
"2019-03-16","LAX",0.76126878130217,7.85475792988314,602
"2019-03-17","LAX",-2.25284090909091,3.31960227272727,709
"2019-03-18","LAX",-5.28172942817294,5.39972144846797,726
"2019-03-19","LAX",-6.37295690936107,6.48813056379822,687
"2019-03-20","LAX",2.90412979351032,10.0851688693098,698
"2019-03-21","LAX",2.41514726507714,7.66666666666667,724
"2019-03-22","LAX",5.86099290780142,9.73408769448373,723
"2019-03-23","LAX",0.523809523809524,10.2335025380711,597
"2019-03-24","LAX",-3.5028901734104,8.35734870317003,702
"2019-03-25","LAX",3.59659090909091,12.6539007092199,719
"2019-03-26","LAX",-7.10581222056632,4.61251862891207,682
"2019-03-27","LAX",6.46607669616519,17.5486725663717,693
"2019-03-28","LAX",-1.38008415147265,9.8695652173913,723
"2019-03-29","LAX",1.08251748251748,10.3104895104895,723
"2019-03-30","LAX",-5.65546218487395,3.87919463087248,601
"2019-03-31","LAX",-2.5,6.90406976744186,696
"2019-04-01","LAX",-3.15593705293276,6.7997138769671,708
"2019-04-02","LAX",-6.26788432267884,3.45662100456621,674
"2019-04-03","LAX",-3.36115326251897,6.18209408194234,677
"2019-04-04","LAX",0.663323782234957,9.26752503576538,711
"2019-04-05","LAX",2.02002861230329,7.03285714285714,712
"2019-04-06","LAX",-1.6602787456446,2.79166666666667,585
"2019-04-07","LAX",4.75584795321637,7.14431486880467,690
"2019-04-08","LAX",1.5028901734104,7.38904899135447,702
"2019-04-09","LAX",-5.11280487804878,5.79456193353474,668
"2019-04-10","LAX",-3.17378048780488,9.19939117199391,674
"2019-04-11","LAX",8.67765042979943,14.7457142857143,704
"2019-04-12","LAX",4.03857142857143,6.52781740370899,705
"2019-04-13","LAX",0.0367775831873905,7.95104895104895,579
"2019-04-14","LAX",8.30945121951219,14.7043740573152,681
"2019-04-15","LAX",5.99420289855072,16.806916426513,702
"2019-04-16","LAX",-1.58371735791091,7.50844854070661,666
"2019-04-17","LAX",-3.28767123287671,2.66060606060606,673
"2019-04-18","LAX",-1.44444444444444,5.02564102564103,705
"2019-04-19","LAX",11.3113342898135,16.5028653295129,704
"2019-04-20","LAX",-5.78079710144928,4.58664259927798,566
"2019-04-21","LAX",-5.24468085106383,6.5948406676783,664
"2019-04-22","LAX",2.24495677233429,8.02582496413199,701
"2019-04-23","LAX",-0.134146341463415,2.69848484848485,667
"2019-04-24","LAX",2.53915662650602,6.83157894736842,673
"2019-04-25","LAX",-2.22079772079772,5.85369318181818,708
"2019-04-26","LAX",7.37553342816501,13.9574468085106,708
"2019-04-27","LAX",-8.23263888888889,4.07625649913345,582
"2019-04-28","LAX",-5.26176470588235,8.21732745961821,682
"2019-04-29","LAX",14.2702312138728,20.9899569583931,704
"2019-04-30","LAX",1.02918586789555,7.46330275229358,669
"2019-05-01","LAX",-7.12102874432678,2.09595202398801,675
"2019-05-02","LAX",1.4153627311522,9.55099150141643,710
"2019-05-03","LAX",0.707070707070707,7.29928057553957,705
"2019-05-04","LAX",-2.88347826086957,7.97743055555556,581
"2019-05-05","LAX",-3.93491124260355,5.75811209439528,683
"2019-05-06","LAX",-0.382521489971347,8.17478510028653,703
"2019-05-07","LAX",1.36615384615385,8.44257274119449,663
"2019-05-08","LAX",6.85112781954887,12.9490254872564,678
"2019-05-09","LAX",3.13669064748201,10.81,708
"2019-05-10","LAX",0.413793103448276,9.23495702005731,704
"2019-05-11","LAX",3.47810858143608,10.0959860383944,577
"2019-05-12","LAX",0.983383685800604,4.8657616892911,666
"2019-05-13","LAX",1.53438395415473,7.32474964234621,705
"2019-05-14","LAX",-2.77591463414634,5.67225609756098,666
"2019-05-15","LAX",1.17878787878788,9.39577039274925,679
"2019-05-16","LAX",9.04273504273504,16.5604551920341,707
"2019-05-17","LAX",1.58285714285714,9.13817663817664,704
"2019-05-18","LAX",7.48473967684022,14.9571428571429,584
"2019-05-19","LAX",11.4385185185185,20.8541973490427,687
"2019-05-20","LAX",13.8947368421053,18.509219858156,708
"2019-05-21","LAX",2.73587786259542,12.7057926829268,670
"2019-05-22","LAX",5.82169390787519,19.0311111111111,688
"2019-05-23","LAX",5.11908177905308,11.5221745350501,711
"2019-05-24","LAX",-0.395149786019971,8.15099715099715,707
"2019-05-25","LAX",-5.60320284697509,7.35106382978723,565
"2019-05-26","LAX",-3.94406779661017,8.28257191201354,599
"2019-05-27","LAX",2.81924198250729,14.6069868995633,692
"2019-05-28","LAX",-2.22699386503067,5.78658536585366,670
"2019-05-29","LAX",7.39665653495441,15.5158850226929,688
"2019-05-30","LAX",3.60832137733142,12.6361031518625,712
"2019-05-31","LAX",-4.22510822510823,7.29064748201439,708
"2019-06-01","LAX",-3.70205479452055,7.48299319727891,591
"2019-06-02","LAX",4.63040238450075,12.6572700296736,686
"2019-06-03","LAX",-1.03862660944206,7.339514978602,713
"2019-06-04","LAX",0.59726443768997,7.03490136570561,670
"2019-06-05","LAX",12.5720930232558,17.3038759689922,691
"2019-06-06","LAX",13.8185595567867,19.4343015214384,738
"2019-06-07","LAX",8.48547717842324,13.4615384615385,734
"2019-06-08","LAX",2.17903225806452,10.5705128205128,637
"2019-06-09","LAX",12.7518037518038,22.0430416068867,718
"2019-06-10","LAX",15.5806896551724,23.5502063273728,744
"2019-06-11","LAX",3.70277777777778,12.3994452149792,729
"2019-06-12","LAX",8.95586206896552,15.0524137931034,739
"2019-06-13","LAX",10.96875,17.2320217096336,746
"2019-06-14","LAX",7.32742155525239,14.4789115646259,741
"2019-06-15","LAX",2.81475667189953,9.775,648
"2019-06-16","LAX",9.93456614509246,16.268085106383,716
"2019-06-17","LAX",11.4224965706447,16.3857729138167,745
"2019-06-18","LAX",9.60471567267684,14.5332409972299,732
"2019-06-19","LAX",10.1016713091922,13.5110497237569,737
"2019-06-20","LAX",11.7469717362046,17.6948924731183,749
"2019-06-21","LAX",8.04638472032742,15.726902173913,745
"2019-06-22","LAX",0.575663026521061,10.8818040435459,651
"2019-06-23","LAX",4.15275813295615,11.6056338028169,719
"2019-06-24","LAX",6.9265306122449,14.5351351351351,746
"2019-06-25","LAX",5.53112033195021,16.0743801652893,734
"2019-06-26","LAX",11.0331034482759,19.3703703703704,741
"2019-06-27","LAX",9.73577235772358,15.8785425101215,748
"2019-06-28","LAX",3.16507503410641,10.0311653116531,745
"2019-06-29","LAX",8.02790697674419,13.3587786259542,658
"2019-06-30","LAX",10.1973684210526,14.5518248175182,692
"2019-07-01","LAX",3.67571428571429,9.50428571428571,708
"2019-07-02","LAX",7.28696925329429,10.4541484716157,694
"2019-07-03","LAX",1.76170212765957,9.15886524822695,709
"2019-07-04","LAX",-3.82992125984252,4.4296875,641
"2019-07-05","LAX",-1.44049459041731,4.90740740740741,650
"2019-07-06","LAX",7.56426332288401,14.1112828438949,657
"2019-07-07","LAX",7.12411847672779,16.1744022503516,724
"2019-07-08","LAX",11.3041722745626,18.2728494623656,752
"2019-07-09","LAX",4.67667121418827,12.3514986376022,740
"2019-07-10","LAX",2.67482993197279,9.65671641791045,749
"2019-07-11","LAX",12.1687074829932,15.3477672530447,753
"2019-07-12","LAX",6.39001349527665,13.5537634408602,749
"2019-07-13","LAX",0.804012345679012,7.56153846153846,659
"2019-07-14","LAX",6.77158774373259,12.83540802213,727
"2019-07-15","LAX",5.80559254327563,11.2151394422311,755
"2019-07-16","LAX",6.17945205479452,12.5603799185889,742
"2019-07-17","LAX",9.4622641509434,12.3204272363151,751
"2019-07-18","LAX",12.8513513513514,17.2341857335128,754
"2019-07-19","LAX",7.23513513513513,12.4737550471063,750
"2019-07-20","LAX",2.18461538461538,9.29800307219662,660
"2019-07-21","LAX",6.17802503477051,12.2213001383126,726
"2019-07-22","LAX",8.72961956521739,14.2717536813922,755
"2019-07-23","LAX",4.56730769230769,10.7592339261286,742
"2019-07-24","LAX",5.5863453815261,10.2637215528782,751
"2019-07-25","LAX",8.19919246298789,12.9517426273458,755
"2019-07-26","LAX",2.78061911170929,9.14477211796247,750
"2019-07-27","LAX",-2.67328244274809,4.28658536585366,660
"2019-07-28","LAX",4.12378303198887,10.5811373092926,727
"2019-07-29","LAX",2.75903614457831,7.61096256684492,755
"2019-07-30","LAX",1.58161865569273,7.26021798365123,742
"2019-07-31","LAX",12.2513513513514,16.1474530831099,753
"2019-08-01","LAX",10.8084239130435,14.6172506738544,755
"2019-08-02","LAX",7.34557823129252,12.1032608695652,750
"2019-08-03","LAX",2.29096477794793,8.18167938931298,661
"2019-08-04","LAX",12.842032967033,16.2880658436214,732
"2019-08-05","LAX",7.25132978723404,14.0492021276596,758
"2019-08-06","LAX",6.72837837837838,10.5822102425876,748
"2019-08-07","LAX",16.0275482093664,20.4783197831978,757
"2019-08-08","LAX",11.3741677762983,17.25,761
"2019-08-09","LAX",1.81274900398406,10.4581673306773,758
"2019-08-10","LAX",0.417933130699088,10.9681335356601,662
"2019-08-11","LAX",3.03328710124827,8.61549100968188,728
"2019-08-12","LAX",-3.75632490013316,5.6063829787234,755
"2019-08-13","LAX",-7.11643835616438,3.81830601092896,739
"2019-08-14","LAX",-0.0408163265306122,7.68571428571429,740
"2019-08-15","LAX",-2.31062670299728,6.21951219512195,750
"2019-08-16","LAX",1.74933333333333,9.78695073235686,752
"2019-08-17","LAX",0.598130841121495,9.23017107309487,646
"2019-08-18","LAX",5.81303116147309,12.2616033755274,715
"2019-08-19","LAX",0.39136302294197,7.72874493927126,748
"2019-08-20","LAX",9.32152974504249,13.4483734087694,720
"2019-08-21","LAX",6.73446327683616,9.18424753867792,720
"2019-08-22","LAX",10.989010989011,12.8796169630643,737
"2019-08-23","LAX",6.78825136612022,11.0013642564802,738
"2019-08-24","LAX",0.669329073482428,5.52396166134185,628
"2019-08-25","LAX",1.11396011396011,6.66429587482219,707
"2019-08-26","LAX",-0.755434782608696,6.67479674796748,743
"2019-08-27","LAX",-7.63829787234043,2.96883852691218,713
"2019-08-28","LAX",-2.99576271186441,5.6830985915493,716
"2019-08-29","LAX",-0.581491712707182,5.26510989010989,730
"2019-08-30","LAX",4.54951185495119,9.77209944751381,731
"2019-08-31","LAX",-4.37943262411348,4.0886524822695,570
"2019-09-01","LAX",0.0190972222222222,7.68339100346021,583
"2019-09-02","LAX",-1.89598811292719,5.55147058823529,691
"2019-09-03","LAX",-4.37003058103976,4.25418569254186,668
"2019-09-04","LAX",-2.55725190839695,4.60213414634146,661
"2019-09-05","LAX",-5.37388724035608,1.98071216617211,677
"2019-09-06","LAX",-2.32888888888889,3.96307237813885,678
"2019-09-07","LAX",-5.00352733686067,3.62962962962963,571
"2019-09-08","LAX",1.22087745839637,8.56777108433735,671
"2019-09-09","LAX",1.47907647907648,7.34054834054834,701
"2019-09-10","LAX",0.344086021505376,7.03058103975535,662
"2019-09-11","LAX",-1.64933135215453,3.23293768545994,682
"2019-09-12","LAX",7.3558106169297,9.74892395982783,706
"2019-09-13","LAX",1.39942938659058,6.20827389443652,708
"2019-09-14","LAX",-2.953125,2.875,579
"2019-09-15","LAX",4.03125,9.11458333333333,674
"2019-09-16","LAX",2.12068965517241,7.50429799426934,704
"2019-09-17","LAX",-0.907153729071537,6.02435312024353,664
"2019-09-18","LAX",-0.304860088365243,6.78382352941177,685
"2019-09-19","LAX",7.52562225475842,13.4992743105951,706
"2019-09-20","LAX",-2.84263233190272,6.75320970042796,706
"2019-09-21","LAX",-7.52158894645941,2.56822107081174,579
"2019-09-22","LAX",-6.58543833580981,4.92878338278932,675
"2019-09-23","LAX",-0.0730659025787966,8.4620886981402,702
"2019-09-24","LAX",-2.51510574018127,1.32880844645551,666
"2019-09-25","LAX",-0.930983847283407,3.2129221732746,684
"2019-09-26","LAX",0.404795486600846,5.72637517630465,709
"2019-09-27","LAX",-0.0910404624277457,5.53025936599424,709
"2019-09-28","LAX",-6.25043177892919,4.99481865284974,580
"2019-09-29","LAX",-7.55141579731744,4.87351190476191,674
"2019-09-30","LAX",-7.30626780626781,3.69843527738265,706
"2019-10-01","LAX",-3.12893553223388,5.19190404797601,668
"2019-10-02","LAX",-10.3731563421829,1.2459499263623,683
"2019-10-03","LAX",-9.43201133144476,1.42796610169492,709
"2019-10-04","LAX",-2.57284299858557,6.75706214689266,710
"2019-10-05","LAX",-7.15944540727903,1.43079584775087,579
"2019-10-06","LAX",-6.15718562874252,3.48358208955224,672
"2019-10-07","LAX",-3.06410256410256,5.91038406827881,706
"2019-10-08","LAX",-9.20364741641337,1.64188163884674,665
"2019-10-09","LAX",-2.47774480712166,6.59940652818991,681
"2019-10-10","LAX",3.14793741109531,12.3696883852691,711
"2019-10-11","LAX",1.89828080229226,13.8769670958512,705
"2019-10-12","LAX",-12.3205574912892,4.87652173913043,578
"2019-10-13","LAX",-10.8290854572714,5.30389221556886,673
"2019-10-14","LAX",-8.00855920114123,7.75925925925926,705
"2019-10-15","LAX",-4.33130699088146,3.70864946889226,666
"2019-10-16","LAX",-0.704918032786885,4.83779761904762,681
"2019-10-17","LAX",2.24679029957204,8.92724679029957,709
"2019-10-18","LAX",-3.87037037037037,6.03556187766714,707
"2019-10-19","LAX",-8.47130434782609,2.04159445407279,577
"2019-10-20","LAX",1.15861027190332,8.60569715142429,672
"2019-10-21","LAX",0.882183908045977,9.11444921316166,705
"2019-10-22","LAX",-2.57078313253012,7.04969879518072,666
"2019-10-23","LAX",-5.25739644970414,5.46233382570162,681
"2019-10-24","LAX",5.21060171919771,7.61877667140825,711
"2019-10-25","LAX",4.59317211948791,7.40682788051209,706
"2019-10-26","LAX",-2.31362007168459,6.24910394265233,568
"2019-10-27","LAX",3.4015625,13.8317757009346,650
"2019-10-28","LAX",-7.27601809954751,4.39398496240601,672
"2019-10-29","LAX",0.745954692556634,10.5,635
"2019-10-30","LAX",-2.94252873563218,6.53518821603928,619
"2019-10-31","LAX",5.52090592334495,13.9362068965517,593
"2019-11-01","LAX",-5.47551342812006,6.61927330173776,644
"2019-11-02","LAX",-8.55239786856128,2.85257548845471,567
"2019-11-03","LAX",-6.35982008995502,4.30988023952096,669
"2019-11-04","LAX",-2.32551319648094,4.25036603221083,688
"2019-11-05","LAX",-2.88503937007874,2.0690737833595,644
"2019-11-06","LAX",-3.13333333333333,5.40153846153846,660
"2019-11-07","LAX",2.2467718794835,10.4978540772532,703
"2019-11-08","LAX",3.93227665706052,8.30385164051355,704
"2019-11-09","LAX",-4.79159369527145,2.79581151832461,576
"2019-11-10","LAX",-1.73463268365817,3.48203592814371,675
"2019-11-11","LAX",11.0145560407569,12.2188405797101,698
"2019-11-12","LAX",5.28438948995363,5.11901081916538,657
"2019-11-13","LAX",-3.43458646616541,3.4984984984985,670
"2019-11-14","LAX",-0.00577200577200577,4.46541786743516,699
"2019-11-15","LAX",1.11739130434783,6.26118326118326,697
"2019-11-16","LAX",0.102112676056338,4.52816901408451,571
"2019-11-17","LAX",5.02086438152012,5.84649776453055,675
"2019-11-18","LAX",2.96242774566474,6.86271676300578,694
"2019-11-19","LAX",-3.24116743471582,3.36753445635528,660
"2019-11-20","LAX",15.6123680241327,15.5609022556391,671
"2019-11-21","LAX",-0.0359195402298851,8.20200573065903,699
"2019-11-22","LAX",-6.80829756795422,3.87303851640514,703
"2019-11-23","LAX",-5.15650741350906,4.89473684210526,610
"2019-11-24","LAX",-4.41969696969697,4.17549167927383,662
"2019-11-25","LAX",-2.67026194144838,7.05819295558959,659
"2019-11-26","LAX",0.112951807228916,11.4887892376682,678
"2019-11-27","LAX",1.08189655172414,14.4109195402299,699
"2019-11-28","LAX",1.23175965665236,12.7366167023555,470
"2019-11-29","LAX",-4.63814616755793,6.78787878787879,564
"2019-11-30","LAX",5.65185185185185,14.4733727810651,679
"2019-12-01","LAX",10.6039603960396,19.0564174894217,719
"2019-12-02","LAX",9.94971264367816,20.9210903873745,707
"2019-12-03","LAX",-2.08728943338438,11.7905198776758,657
"2019-12-04","LAX",9.77258566978193,18.1159196290572,654
"2019-12-05","LAX",-3.77433628318584,7.47787610619469,683
"2019-12-06","LAX",-0.294814814814815,9.45937961595273,682
"2019-12-07","LAX",1.47927927927928,12.1308243727599,563
"2019-12-08","LAX",-1.99385560675883,11.6442748091603,656
"2019-12-09","LAX",-0.688427299703264,6.44444444444444,677
"2019-12-10","LAX",-5.90639625585023,1.40435458786936,646
"2019-12-11","LAX",-0.390505359877489,4.92671755725191,660
"2019-12-12","LAX",0.907352941176471,5.83994126284875,683
"2019-12-13","LAX",0.361356932153392,7.75110456553756,682
"2019-12-14","LAX",-5.46785714285714,3.95365418894831,563
"2019-12-15","LAX",-4.79051987767584,9.42530487804878,657
"2019-12-16","LAX",-1.15532544378698,7.91740412979351,680
"2019-12-17","LAX",4.66770670826833,10.8289269051322,645
"2019-12-18","LAX",7.16023738872404,11.7397058823529,685
"2019-12-19","LAX",6.84049930651872,9.01664355062413,721
"2019-12-20","LAX",14.3217270194986,13.7083333333333,725
"2019-12-21","LAX",12.7532846715328,15.3790087463557,690
"2019-12-22","LAX",28.0679611650485,29.6946354883081,735
"2019-12-23","LAX",15.168044077135,22.3818681318681,734
"2019-12-24","LAX",-1.79315707620529,8.74382716049383,651
"2019-12-25","LAX",-0.971653543307087,9.51643192488263,641
"2019-12-26","LAX",23.9034482758621,25.1043956043956,732
"2019-12-27","LAX",12.2066574202497,14.6671270718232,738
"2019-12-28","LAX",12.4428152492669,16.4548104956268,692
"2019-12-29","LAX",4.11675824175824,13.4224965706447,732
"2019-12-30","LAX",5.28748280605227,11.80109739369,732
"2019-12-31","LAX",2.8957345971564,8.5839874411303,640
