"num_flights","fl_date","carrier_delay","weather_delay","nas_delay","security_delay","late_aircraft_delay","arr_delay"
3737,"2018-01-01",16.1530382595649,0.940735183795949,3.50037509377344,0.219054763690923,30.0022505626407,15.5012061109622
3860,"2018-01-02",14.4810606060606,0.208333333333333,4.53503787878788,1.05397727272727,22.4810606060606,8.38238341968912
3738,"2018-01-03",14.8908659549229,0.275207591933571,3.73309608540925,0.0806642941874259,19.5231316725979,4.7946452476573
3415,"2018-01-04",12.7139784946237,0.408602150537634,6.68602150537634,0.0451612903225806,15.6494623655914,-1.37628111273792
3663,"2018-01-05",17.5139442231076,0.392430278884462,7.22709163346614,0.201195219123506,19.8924302788845,-0.493989071038251
2871,"2018-01-06",20.9754901960784,0.0882352941176471,3.58333333333333,0.0735294117647059,16.1789215686275,-0.242677824267782
3600,"2018-01-07",15.7861538461538,0.783076923076923,4.41384615384615,0.16,20.4461538461538,2.31201334816463
3558,"2018-01-08",12.3293172690763,1.93574297188755,12.3440428380187,0,23.1847389558233,5.03068693693694
3515,"2018-01-09",12.6795031055901,0.845962732919255,14.0385093167702,0,36.7788819875776,9.2537954740762
3573,"2018-01-10",12.1747572815534,0.366990291262136,13.2155339805825,0,24.3592233009709,-0.0521592821088054
3576,"2018-01-11",10.7267525035765,1.35908440629471,12.7997138769671,0.0371959942775393,30.8154506437768,4.98146588037068
3439,"2018-01-12",14.789566755084,1.95755968169761,11.3200707338638,0.0291777188328912,25.2608311229001,13.9545851528384
2851,"2018-01-13",14.6296296296296,1.05698005698006,7.58974358974359,0.0427350427350427,13.011396011396,-4.17397404419502
3291,"2018-01-14",16.630303030303,0.315151515151515,6.84848484848485,0.196969696969697,17.2484848484848,-5.02461257976299
3568,"2018-01-15",12.1786516853933,0.47752808988764,8.37078651685393,0.0876404494382022,19.9168539325843,5.87882187938289
3324,"2018-01-16",14.0488636363636,1.64090909090909,9.88181818181818,0.0295454545454545,23.3613636363636,8.105358217941
3347,"2018-01-17",10.8988764044944,2.32022471910112,10.7494382022472,0.0528089887640449,20.3662921348315,6.87085201793722
3477,"2018-01-18",12.9714795008913,0.349376114081996,8.5632798573975,0,17.3939393939394,-0.735599078341014
3625,"2018-01-19",15.1891891891892,0.174636174636175,10.5301455301455,0.0395010395010395,21.8794178794179,-2.26690587910571
2872,"2018-01-20",16.90625,0,10.140625,0.140625,14.296875,-8.62517433751743
3129,"2018-01-21",11.8468158347676,0.662650602409639,12.6213425129088,0.0189328743545611,24.065404475043,1.58405379442843
3549,"2018-01-22",16.8461538461538,0,8.30769230769231,0,13.3076923076923,-3.86548223350254
3591,"2018-01-23",14.1755485893417,0.122257053291536,9.82758620689655,0,12.5329153605016,-5.85427695736974
3629,"2018-01-24",11.6089552238806,0.895522388059702,14.0029850746269,0,19.3432835820896,-4.48869900771775
3635,"2018-01-25",12.7954545454545,0,10.0941558441558,0,14.3084415584416,-5.28956785026149
3647,"2018-01-26",14.8892405063291,0,8.28164556962025,0.215189873417722,14.243670886076,-5.36745334796926
2887,"2018-01-27",25.2906403940887,0.783251231527094,7.21182266009852,0,13.3891625615764,-7.98440748440748
3291,"2018-01-28",14.8671875,0,7.8828125,0,11.25,-6.36242018850715
3632,"2018-01-29",9.11304347826087,0.382608695652174,13.6,0,14.3884057971014,-5.02038567493113
3618,"2018-01-30",11.7212543554007,0.209059233449477,11.4738675958188,0.118466898954704,13.9686411149826,-6.85315265486726
3633,"2018-01-31",12.4978723404255,0.4,12.2382978723404,0.174468085106383,12.5829787234043,-8.20319383259912
3648,"2018-02-01",12.7094594594595,0.297297297297297,11.5765765765766,0.382882882882883,15.7567567567568,-2.38423373759647
3662,"2018-02-02",23.95,0,5.74782608695652,0.232608695652174,22.4695652173913,0.0822332233223322
2897,"2018-02-03",16.0575539568345,0,9.50359712230216,0.143884892086331,10.136690647482,-8.71923743500867
2816,"2018-02-04",14.2785299806576,0.899419729206963,10.0096711798839,0.034816247582205,18.2340425531915,1.88631503920171
3651,"2018-02-05",11.0079726651481,1.72437357630979,9.89179954441913,0.167425968109339,26.0205011389522,7.48050139275766
3630,"2018-02-06",12.8498789346247,0.907990314769976,10.5351089588378,0.157384987893462,15.4406779661017,-2.73288814691152
3630,"2018-02-07",9.10383064516129,1.84778225806452,11.8951612903226,0.0534274193548387,22.1683467741935,9.29145876137364
3630,"2018-02-08",14.7710196779964,0.298747763864043,7.05187835420394,0.118067978533095,14.0071556350626,1.07021034678795
3658,"2018-02-09",11.7765567765568,1.21123321123321,9.83272283272283,0.0341880341880342,22.9218559218559,7.77306047648137
2917,"2018-02-10",14.0645604395604,0.31456043956044,5.66758241758242,0.324175824175824,18.1373626373626,6.02839116719243
3318,"2018-02-11",14.6720741599073,1.98725376593279,8.03012746234067,0.0880648899188876,23.6975666280417,10.10964332893
3659,"2018-02-12",13.9041916167665,0.0224550898203593,7.34131736526946,0.420658682634731,17.0583832335329,2.36421284808382
3628,"2018-02-13",11.2553191489362,0,9.22188449848024,0,13.2401215805471,-5.20088667220837
3032,"2018-02-14",15.5078651685393,0.0202247191011236,9.87865168539326,0.0696629213483146,14.9910112359551,-0.923689449236894
3670,"2018-02-15",15.4299332697807,0.124880838894185,7.2745471877979,0.224976167778837,21.1506196377502,9.98083161309348
3682,"2018-02-16",12.5817669172932,0.0291353383458647,7.76691729323308,0.0535714285714286,20.8843984962406,8.0960021756867
2929,"2018-02-17",12.6773109243697,4.13445378151261,11.0117647058824,0.139495798319328,17.3949579831933,4.08301756803307
3327,"2018-02-18",13.6805555555556,1.52604166666667,10.0069444444444,0.0295138888888889,18.2447916666667,1.26143592850651
3671,"2018-02-19",10.7039740470397,0.347120843471208,8.41930251419303,0.175182481751825,21.6455798864558,10.3138224787029
3672,"2018-02-20",14.3580470162749,2.2875226039783,10.3200723327306,0,28.996383363472,13.5596435757402
3672,"2018-02-21",13.457337883959,0.353811149032992,8.18771331058021,0.121729237770193,20.8498293515358,5.29917916784602
3672,"2018-02-22",13.8216666666667,0.324166666666667,8.55,0.0583333333333333,24.7883333333333,12.0722329030486
3685,"2018-02-23",16.8513089005236,0.26282722513089,5.58534031413613,0,23.2785340314136,7.90337506804573
2935,"2018-02-24",17.6588868940754,1.07181328545781,6.67145421903052,0.236983842010772,26.0771992818671,3.40800828443217
3328,"2018-02-25",16.4537931034483,0.0193103448275862,7.76689655172414,0.0675862068965517,24.44,5.40222623345367
3662,"2018-02-26",23.5141129032258,0.0645161290322581,5.30645161290323,0.189516129032258,28.0725806451613,1.26677667766777
3668,"2018-02-27",14.2118780096308,0.634028892455859,12.4847512038523,0.0947030497592295,26.6083467094703,2.69764177428411
3668,"2018-02-28",15.0122511485452,0.332312404287902,7.94946401225115,0.0689127105666156,19.6385911179173,1.64185277088503
3668,"2018-03-01",16.1950920245399,0.353374233128834,6.83558282208589,0.00245398773006135,24.278527607362,6.95477247502775
3679,"2018-03-02",16.2368995633188,1.35043668122271,9.76965065502183,0.0731441048034935,33.2150655021834,11.5784114052953
2938,"2018-03-03",24.0664652567976,0,3.8821752265861,0.628398791540785,20.6012084592145,-2.0880829015544
3325,"2018-03-04",21.6018181818182,0.803636363636364,5.04181818181818,0.554545454545455,21.78,1.52002408912978
3668,"2018-03-05",12.869109947644,2.38219895287958,14.6230366492147,0,31.8560209424084,7.45061043285239
3662,"2018-03-06",16.8018018018018,1.46246246246246,5.64864864864865,0,12.4174174174174,-4.53048275862069
3666,"2018-03-07",18.1369863013699,0.306849315068493,4.22739726027397,0.219178082191781,19.5205479452055,-2.47727930535456
3855,"2018-03-08",17.8956780923994,0.0640834575260805,5.08792846497765,0.38301043219076,19.6050670640835,3.10182975338107
3909,"2018-03-09",14.4335664335664,0.0361305361305361,5.08041958041958,0.0454545454545455,20.8286713286713,5.00359158542842
3468,"2018-03-10",14.1679487179487,0.229487179487179,6.62564102564103,0.058974358974359,19.4192307692308,5.04706901530465
3799,"2018-03-11",14.8117647058824,0.216993464052288,6.64575163398693,0.0457516339869281,21.5555555555556,4.57606116530451
3907,"2018-03-12",17.2919254658385,0.579192546583851,8.98913043478261,0.242236024844721,23.4332298136646,2.70891037366083
3907,"2018-03-13",13.0496894409938,0.884057971014493,7.69979296066253,0.0703933747412008,16.6583850931677,-1.41436765910953
3907,"2018-03-14",17.0710973724884,0.272024729520866,6.57341576506955,0.00927357032457496,21.9289026275116,2.55628443977959
3907,"2018-03-15",18.7274969173859,0.0542540073982737,6.5881627620222,0.0480887792848335,26.3452527743527,6.73036312129797
3909,"2018-03-16",16.6231454005935,0.481701285855589,5.53907022749753,0.204747774480712,28.9386745796241,9.92049243395743
3469,"2018-03-17",15.4813499111901,0.179396092362345,4.43516873889876,0.0834813499111901,20.8259325044405,1.1629116117851
3810,"2018-03-18",17.01171875,0.348958333333333,5.49479166666667,0.11328125,20.1471354166667,3.8775939059627
3917,"2018-03-19",15.5480769230769,0.723901098901099,7.60302197802198,0.122252747252747,21.6565934065934,4.64786545924968
3921,"2018-03-20",12.0846774193548,3.16209677419355,10.9072580645161,0.113709677419355,30.0629032258065,15.9043664612912
3921,"2018-03-21",13.5972073039742,2.6015037593985,8.34586466165413,0.413533834586466,21.5843179377014,9.70174401418859
3921,"2018-03-22",12.7728585178056,0.524542829643888,8.50336862367661,0.178055822906641,27.5803657362849,10.6474460242233
3921,"2018-03-23",11.8879551820728,0.205882352941176,5.76470588235294,0.0700280112044818,18.718487394958,3.02272147051315
3480,"2018-03-24",13.1127450980392,1.97385620915033,5.43464052287582,0.202614379084967,19.0751633986928,2.02325581395349
3811,"2018-03-25",19.0828402366864,0,5.03944773175542,0.232741617357002,18.0848126232742,0.0186302807662031
3919,"2018-03-26",14.8017118402282,0.430813124108417,6.5320970042796,0.0984308131241084,16.756062767475,2.43762781186094
3919,"2018-03-27",18.1131339401821,0.382314694408322,4.71001300390117,0.373211963589077,23.6579973992198,4.96079442868197
3919,"2018-03-28",16.5745920745921,2.22377622377622,9.92307692307692,0.280885780885781,33.2983682983683,9.1633714880333
3919,"2018-03-29",16.7859266600595,0.0812685827552032,5.48860257680872,0.128840436075322,25.4519326065411,9.39573703133025
3919,"2018-03-30",14.891167192429,0.0347003154574132,6.92271293375394,0.0315457413249211,22.9148264984227,2.52709611451943
3480,"2018-03-31",20.4295454545455,0.565909090909091,5.19545454545455,0.0704545454545455,19.3704545454545,-0.828670320161523
3807,"2018-04-01",18.5247311827957,0.526881720430108,7.8752688172043,0,21.4559139784946,-1.63421052631579
3917,"2018-04-02",15.5258764607679,2.36560934891486,7.09515859766277,0.257095158597663,22.8497495826377,2.34133746449781
3917,"2018-04-03",15.5084249084249,2.85128205128205,12.4600732600733,0.0351648351648352,36.9179487179487,20.9087846592381
3917,"2018-04-04",13.0547645125958,0.303395399780942,7.92113910186199,0.0164293537787514,22.7721796276013,7.05121505095375
3917,"2018-04-05",16.0822102425876,0.0876010781671159,5.3167115902965,0.128032345013477,24.7412398921833,4.54762516046213
3919,"2018-04-06",12.9029733959311,0.913145539906103,10.9608763693271,0.0344287949921753,29.8716744913928,15.3321252912244
3432,"2018-04-07",13.715206185567,0.880154639175258,8.3298969072165,0.0837628865979381,21.4497422680412,5.91257309941521
3761,"2018-04-08",19.0646221248631,0.0470974808324206,6.01423877327492,0.0175246440306681,21.8444687842278,7.34956105347167
3941,"2018-04-09",13.55672823219,0.0668425681618294,5.99560246262093,0.0263852242744063,23.0131926121372,9.59662576687117
3940,"2018-04-10",13.7897310513447,4.42542787286064,8.54523227383863,0.141809290953545,32.1748166259169,8.24550430023456
3940,"2018-04-11",12.3106060606061,0.25,7.49431818181818,0.071969696969697,17.4621212121212,-0.334691798267957
3940,"2018-04-12",12.0463215258856,0.471389645776567,5.94141689373297,0.170299727520436,19.6471389645777,3.10658865428644
3948,"2018-04-13",12.2194860813704,0.494646680942184,9.8458244111349,0.0460385438972163,24.5224839400428,7.80358056265985
3056,"2018-04-14",16.0492813141684,0.624229979466119,7.6735112936345,0.147843942505133,19.8357289527721,1.11140760507005
3767,"2018-04-15",13.1456628477905,2.70621931260229,10.0360065466448,0.0654664484451719,31.2234042553191,15.3406623235613
3946,"2018-04-16",13.5618479880775,1.02980625931446,8.69597615499255,0.003725782414307,27.8859910581222,15.1367017183893
3942,"2018-04-17",17.0301204819277,1.25180722891566,9.04819277108434,0.0132530120481928,29.110843373494,7.23104693140794
3942,"2018-04-18",20.3166666666667,0.231818181818182,3.63484848484848,0.0742424242424242,21.7030303030303,3.02846054333765
3942,"2018-04-19",21.5717054263566,0.106589147286822,4.26453488372093,0.22577519379845,31.3788759689922,12.5587856959094
3947,"2018-04-20",22.3453947368421,0.0953947368421053,3.04385964912281,0.213815789473684,30.1052631578947,9.63297600816743
3058,"2018-04-21",22.1141304347826,0.106884057971014,6.19927536231884,0.16304347826087,22.304347826087,3.66910542068507
3770,"2018-04-22",23.0372398685652,0.265060240963855,3.19934282584885,0.2026286966046,32.5323110624315,10.2342027426728
3938,"2018-04-23",16.9345794392523,1.17406542056075,5.61799065420561,0.314252336448598,25.3773364485981,6.65686531898136
3936,"2018-04-24",19.6602451838879,0.00700525394045534,3.81436077057793,0,20.9772329246935,1.01450777202073
3936,"2018-04-25",20.9207232267038,0.602225312934631,7.34492350486787,0.00695410292072323,27.7385257301808,5.3803982415309
3936,"2018-04-26",21.0547263681592,0,4.05721393034826,0.105721393034826,28.7189054726368,6.73242688558235
3943,"2018-04-27",17.0814917127072,0.364640883977901,6.43370165745856,0,24.7762430939227,4.28567787971458
3058,"2018-04-28",27.2230215827338,0.0503597122302158,3.92086330935252,0.366906474820144,21.4352517985612,-2.81997371879106
3772,"2018-04-29",21.1625239005736,0.103250478011472,5.16826003824092,0.118546845124283,24.9636711281071,1.09837376699547
3932,"2018-04-30",17.0745192307692,0,7.31971153846154,0.105769230769231,18.3725961538462,-1.74477307496175
3932,"2018-05-01",16.3145454545455,0.603636363636364,7.08363636363636,0.0363636363636364,20.1254545454545,-0.00822833633324762
3932,"2018-05-02",16.2313769751693,2.23024830699774,10.0180586907449,0,28.3069977426637,8.36316472114138
3932,"2018-05-03",13.9940199335548,1.37607973421927,11.4671096345515,0.205980066445183,38.693023255814,23.4505753138075
3941,"2018-05-04",14.2251207729469,0.427053140096618,7.96135265700483,0.0386473429951691,34.5082125603865,11.2404413651527
3055,"2018-05-05",22.8313253012048,0.795180722891566,4.37751004016064,0.0803212851405622,15.6385542168675,-4.36819672131148
3773,"2018-05-06",18.8400597907324,0.165919282511211,5.47533632286996,0.137518684603886,22.5366218236173,3.43297872340426
3937,"2018-05-07",22.8689655172414,0,3.31494252873563,0.0827586206896552,18.3609195402299,-2.06649616368286
3933,"2018-05-08",19.9132947976879,0.0327552986512524,3.84585741811175,0.394990366088632,21.3275529865125,-0.350976361767729
3933,"2018-05-09",15.3570658036677,1.21898597626753,8.18015102481122,0.0981661272923409,25.5177993527508,7.88986329636317
3933,"2018-05-10",13.9839034205231,0.865191146881288,10.7183098591549,0.0995975855130785,23.672032193159,9.36543400102722
3941,"2018-05-11",21.1493506493506,0.331168831168831,4.95064935064935,0,27.0194805194805,6.33952187182096
3045,"2018-05-12",20.8337028824834,0.694013303769401,6.03547671840355,0,21.0842572062084,1.08652575957728
3773,"2018-05-13",14.3897550111359,0.907572383073497,8.98663697104677,0.306236080178174,31.1180400890869,8.53050755939525
3943,"2018-05-14",17.0864745011086,3.65040650406504,7.84035476718404,0,33.7420546932742,19.8652255137443
3933,"2018-05-15",13.2806451612903,5.91827956989247,16.9387096774194,0.0387096774193548,28.0483870967742,12.3692057468149
3933,"2018-05-16",18.830255057168,1.2339489885664,8.02550571679859,0.0976253298153034,32.3588390501319,14.2576510593775
3933,"2018-05-17",15.9892141756549,0.987673343605547,6.8482280431433,0.0184899845916795,31.1209553158706,15.5757965056526
3940,"2018-05-18",16.3563777994158,0.767283349561831,7.96299902629017,0.0457643622200584,25.1324245374878,10.2091166623745
3045,"2018-05-19",17.0367346938776,1.11428571428571,8.99183673469388,0.277551020408163,18.4714285714286,2.19229502798815
3780,"2018-05-20",14.3967479674797,1.36829268292683,9.82926829268293,0,33.8926829268293,16.0390374331551
3952,"2018-05-21",16.0920245398773,2.15950920245399,6.19982471516214,0.0753724802804557,29.7773882559159,12.3842051802946
3948,"2018-05-22",11.8010638297872,2.66276595744681,8.53297872340426,0.00319148936170213,25.6606382978723,7.95329032258064
3948,"2018-05-23",15.0490797546012,0.598773006134969,5.73496932515337,0.0220858895705521,21.6662576687117,4.42033036848793
3948,"2018-05-24",16.3354922279793,0.768134715025907,6.01943005181347,0.591968911917098,21.9481865284974,4.27762255524511
3950,"2018-05-25",13.9147095179234,0.749072929542645,7.05067985166873,0.393077873918418,24.5636588380717,5.04757033248082
3046,"2018-05-26",12.8677685950413,3.5068870523416,9.21487603305785,0.231404958677686,14.2341597796143,-3.19355898784095
3049,"2018-05-27",18.417004048583,5.98785425101215,16.8947368421053,0.0910931174089069,32.4757085020243,4.78580990629183
3603,"2018-05-28",19.495,0.788333333333333,11.625,0,25.7516666666667,2.95259467040673
3946,"2018-05-29",15.1901306240929,0.41944847605225,6.84905660377358,0.011611030478955,19.978229317852,2.00814871403107
3946,"2018-05-30",14.495,0.898,9.712,0.351,25.348,9.09205776173285
3946,"2018-05-31",13.2110091743119,4.30963302752294,12.0366972477064,0.170871559633028,28.230504587156,8.51498566588481
3950,"2018-06-01",20.141638225256,3.21331058020478,9.42150170648464,0,25.5529010238908,2.84769071094966
3047,"2018-06-02",18.6780821917808,2.30365296803653,11.8219178082192,0.116438356164384,26.8721461187215,1.48905355338498
3779,"2018-06-03",14.4283154121864,1.29390681003584,8.77777777777778,0.193548387096774,20.6379928315412,0.552836784081742
3950,"2018-06-04",16.5684803001876,0.868667917448405,6.06003752345216,0.050656660412758,25.3395872420263,-0.483928571428571
3934,"2018-06-05",17.0752895752896,0.936293436293436,5.89189189189189,0.083011583011583,21.030888030888,-0.571684129823665
3905,"2018-06-06",16.9801444043321,1.17689530685921,8.05776173285199,0,19.370036101083,0.589037570766855
3982,"2018-06-07",15.6071829405163,4.34343434343434,9.59483726150393,0.627384960718294,33.9842873176206,9.84926283680732
3986,"2018-06-08",13.7481789802289,1.73881373569199,7.5681581685744,0.121748178980229,25.1779396462019,7.13402322059566
3467,"2018-06-09",16.6061814556331,2.77766699900299,11.9401794616152,0.0687936191425723,35.2652043868395,15.9382499268364
3860,"2018-06-10",13.4262159934048,1.19455894476505,6.60923330585326,0.0618301731244848,24.8516075845012,12.4328238133548
3978,"2018-06-11",18.4671328671329,1.73986013986014,9.71888111888112,0.14965034965035,26.5132867132867,5.1142208774584
3978,"2018-06-12",19.8555377207063,1.06741573033708,4.96789727126806,0.325842696629214,19.4446227929374,1.29111055149836
3978,"2018-06-13",13.6943866943867,1.37110187110187,7.0956340956341,0.0405405405405405,24.6153846153846,6.8064187468161
3978,"2018-06-14",15.419185282523,2.84362680683311,7.52562417871222,0.0985545335085414,33.7240473061761,6.30416032470827
3986,"2018-06-15",14.3778135048232,0.47588424437299,9.35048231511254,0.223472668810289,23.2170418006431,2.02614379084967
3466,"2018-06-16",18.0998650472335,0.854251012145749,3.76923076923077,0.278002699055331,24.0512820512821,5.3383502170767
3878,"2018-06-17",15.4041262135922,0.771844660194175,5.7123786407767,0.163834951456311,21.6771844660194,4.36558018252934
3998,"2018-06-18",16.0120481927711,1.06559571619813,6.60107095046854,0.0468540829986613,21.0709504685408,3.10204081632653
3998,"2018-06-19",15.9901234567901,2.00411522633745,14.9687242798354,0.0312757201646091,31.556378600823,16.6977290524667
3998,"2018-06-20",17.1026392961877,2.40078201368524,10.4760508308895,0.211143695014663,29.0654936461388,11.7183243382164
3998,"2018-06-21",15.455463728191,0.699724517906336,6.20110192837466,0.196510560146924,27.5151515151515,10.4945748170578
4004,"2018-06-22",17.4939422180802,1.80521901211556,8.17427772600186,0.134203168685927,28.2777260018639,11.3076537013802
3484,"2018-06-23",17.3818181818182,1.83471074380165,4.48429752066116,0.0925619834710744,23.0528925619835,3.38591954022989
3877,"2018-06-24",14.4396378269618,4.98993963782696,13.1961770623742,0.143863179074447,39.771629778672,14.9482260183968
3996,"2018-06-25",17.4432432432432,1.93243243243243,8.8,0.140540540540541,26.6540540540541,5.03632694248234
3998,"2018-06-26",14.75,2.30311355311355,6.82234432234432,0.0970695970695971,27.1868131868132,10.6338174273859
3998,"2018-06-27",20.5672043010753,1.9260752688172,6.24462365591398,0.104838709677419,21.0362903225806,5.08244002041858
3998,"2018-06-28",16.0759137769447,1.71883786316776,9.89222118088098,0.0815370196813496,35.4957825679475,13.8072044647387
4002,"2018-06-29",20.9819004524887,2.13122171945701,6.17797888386124,0.425339366515837,28.0482654600302,3.79121433981318
3488,"2018-06-30",19.7914438502674,1.52807486631016,6.21657754010695,0.621657754010695,28.4478609625668,7.50852847643828
3875,"2018-07-01",15.3501872659176,2.44756554307116,6.0561797752809,0.237827715355805,19.6142322097378,-0.484338596945379
3998,"2018-07-02",21.9128787878788,2.65909090909091,14.0643939393939,0.553030303030303,25.4810606060606,0.0351098762313716
3269,"2018-07-03",14.5625,3.3515625,8.22135416666667,0.0859375,17.2890625,-2.1793061099171
3273,"2018-07-04",13.8507462686567,4.74440298507463,10.6679104477612,0.186567164179104,23.6921641791045,1.03165334972342
4000,"2018-07-05",12.9907529722589,4.49933949801849,10.4649933949802,0.0726552179656539,26.6142668428005,4.16534830313856
4006,"2018-07-06",13.3783439490446,4.36050955414013,11.4458598726115,0,28.6726114649682,5.3984295845998
3488,"2018-07-07",21.2667876588022,0.573502722323049,4.08711433756806,0.490018148820327,23.8239564428312,1.75890804597701
3890,"2018-07-08",21.0181611804767,0.820658342792281,5.33371169125993,0.648127128263337,29.7695800227015,7.84310699588477
3998,"2018-07-09",17.0702947845805,5.39455782312925,12.8095238095238,0,39.1938775510204,10.9811128126595
4004,"2018-07-10",17.5320435308343,1.32527206771463,5.4993954050786,0.0810157194679565,23.1051995163241,4.15942028985507
4004,"2018-07-11",16.3818407960199,0.446517412935323,7.3818407960199,0.0124378109452736,20.089552238806,3.76860963916225
4004,"2018-07-12",14.040834845735,3.1070780399274,12.1460980036298,0.0725952813067151,32.0453720508167,12.3060081466395
4009,"2018-07-13",19.1057851239669,0.337190082644628,6.31239669421488,0,22.4694214876033,1.05595984943538
3487,"2018-07-14",18.7882534775889,2.34466769706337,6.77125193199382,0.758887171561051,25.1808346213292,4.29922167771692
3900,"2018-07-15",15.4874100719424,2.38489208633094,8.43435251798561,0.0404676258992806,27.4442446043165,12.3229912490056
4006,"2018-07-16",16.1923890063425,5.09936575052854,12.9799154334038,0,37.2071881606765,12.0103929024081
4010,"2018-07-17",16.3942731277533,3.3568281938326,8.41850220264317,0.162995594713656,26.7323788546256,9.44474321054047
4010,"2018-07-18",18.738038277512,0.471291866028708,4.14473684210526,0.144736842105263,21.7236842105263,5.32262958280657
4010,"2018-07-19",16.5175585284281,1.16722408026756,12.0376254180602,0.134615384615385,33.3319397993311,15.6359979889392
4014,"2018-07-20",15.6863330843913,2.04406273338312,11.698282300224,0.0567587752053772,32.4174757281553,17.6869147051379
3498,"2018-07-21",14.424154589372,1.31304347826087,6.72173913043478,0.167149758454106,26.1352657004831,11.332658374313
3896,"2018-07-22",19.5553846153846,4.20384615384615,12.1738461538462,0.446923076923077,33.7046153846154,20.4091030077189
4008,"2018-07-23",19.5657370517928,2.28446215139442,10.0892430278884,0.0605577689243028,29.3832669322709,17.8608275120903
4010,"2018-07-24",15.7880143112701,0.768336314847943,7.21377459749553,0.5608228980322,20.1949910554562,9.95193312434692
4010,"2018-07-25",14.7345794392523,1.94299065420561,10.4448598130841,0.0158878504672897,24.8654205607477,10.7063983488132
4010,"2018-07-26",16.7663197729423,2.01702932828761,7.92431409649953,0.126773888363292,29.0085146641438,11.1021842832036
4014,"2018-07-27",15.8207985143918,3.68802228412256,10.6982358402971,0.0482822655524605,25.1281337047354,12.5341151385928
3498,"2018-07-28",16.7478260869565,2.13416149068323,7.12795031055901,0.279503105590062,25.6136645962733,8.23105733218093
3901,"2018-07-29",18.4281553398058,0.52621359223301,5.17184466019417,0.0262135922330097,28.6165048543689,10.9214727085479
4008,"2018-07-30",15.9341974077767,1.04885343968096,10.5992023928215,0.0279162512462612,25.6929212362911,9.75006408613176
4006,"2018-07-31",15.3768352365416,0.907014681892333,9.98694942903752,0.033442088091354,33.4151712887439,14.9304635761589
4006,"2018-08-01",18.8052738336714,1.29918864097363,11.5020283975659,0.279918864097363,25.5436105476673,9.88352703385548
4006,"2018-08-02",17.6985507246377,3.10507246376812,15.581884057971,0.115217391304348,36.4724637681159,23.1737400530504
4012,"2018-08-03",17.8657534246575,1.90867579908676,11.8063926940639,0.097716894977169,26.5168949771689,13.5035535667281
3496,"2018-08-04",22.9893805309735,0.109734513274336,2.72920353982301,0.0495575221238938,23.6424778761062,3.10573580533024
3896,"2018-08-05",15.2131616595136,1.50643776824034,5.77682403433476,0.221745350500715,23.0615164520744,3.06784888203547
4005,"2018-08-06",18.6459054209919,2.12226066897347,6.77508650519031,0.0922722029988466,23.1349480968858,6.20484076433121
3794,"2018-08-07",15.72147995889,3.49229188078109,13.513874614594,0.0894141829393628,27.7183967112025,11.5447862782467
3798,"2018-08-08",24.346835443038,2.90801687763713,12.8506329113924,0.0135021097046414,31.7054852320675,20.4790486976217
3810,"2018-08-09",20.5777054515867,1.65337672904801,8.89747762408462,0.0740439381611066,28.9283970707893,16.5377993005112
3821,"2018-08-10",19.9570858283433,1.40319361277445,7.27245508982036,0.267465069860279,28.998003992016,11.512214551248
2979,"2018-08-11",20.861038961039,3.74025974025974,8.27922077922078,0.187012987012987,25.1285714285714,11.1927172792855
3622,"2018-08-12",14.4839650145773,1.60544217687075,9.22060252672498,0.0447035957240039,25.8036929057337,11.4742327735958
3797,"2018-08-13",14.5187747035573,2.49209486166008,14.3656126482213,0.0375494071146245,30.2915019762846,12.6115591397849
3808,"2018-08-14",16.2220689655172,1.4,14.9834482758621,0,27.3848275862069,6.66899892357374
3808,"2018-08-15",14.5388429752066,0.132231404958678,9.23636363636364,0,19.196694214876,0.78739118965972
3808,"2018-08-16",11.8414839797639,0.986509274873524,10.6863406408094,0.0978077571669477,21.4215851602024,1.09747102212856
3821,"2018-08-17",13.4210526315789,1.57057416267943,12.8145933014354,0.062200956937799,23.133971291866,6.71785334750266
2979,"2018-08-18",12.6666666666667,4.27272727272727,14.330303030303,0,22.8181818181818,-0.602343211578222
3620,"2018-08-19",16.2724077328647,1.96309314586995,8.66959578207381,0.195079086115993,19.7398945518453,1.94280955024986
3801,"2018-08-20",13.4817749603803,3.3391442155309,12.70206022187,0.0792393026941363,21.904912836767,3.40430050438014
3804,"2018-08-21",13.9546632124352,1.69948186528497,13.0841968911917,0.0531088082901554,20.9300518134715,5.29264260126757
3804,"2018-08-22",18.1101694915254,1.32203389830508,7.25847457627119,0.0360169491525424,18.4427966101695,-1.0119458455004
3804,"2018-08-23",16.3125,1.10887096774194,9.07862903225806,0.0141129032258065,25.2782258064516,0.466207262125629
3818,"2018-08-24",14.6102661596958,2.1425855513308,7.78707224334601,0.0437262357414449,20.9125475285171,-0.301708278580815
2977,"2018-08-25",18.9548872180451,4.12781954887218,7.31077694235589,0.558897243107769,16.9172932330827,-0.146949780923492
3619,"2018-08-26",19.5725338491296,1.20502901353965,6.80851063829787,0.586073500967118,24.6479690522244,0.945459579180509
3787,"2018-08-27",16.7954545454545,1.06818181818182,11.6565656565657,0,20.1111111111111,-2.57442849548113
3806,"2018-08-28",14.2684824902724,3.69844357976654,10.2607003891051,0.0875486381322957,19.15953307393,-0.95679012345679
3806,"2018-08-29",11.5899653979239,2.03287197231834,9.69204152249135,0.105536332179931,20.5259515570934,0.330143540669856
3806,"2018-08-30",19.0819366852886,0.746741154562384,6.62942271880819,0.111731843575419,19.5009310986965,0.988909426987061
3816,"2018-08-31",14.0937198067633,3.03671497584541,10.7594202898551,0.00676328502415459,30.8772946859903,12.3471008737093
2716,"2018-09-01",21.3972972972973,0.375675675675676,7.87567567567568,0,14.0108108108108,0.0907063197026022
2732,"2018-09-02",16.5526315789474,2.96992481203007,6.21052631578947,0,16.9436090225564,-4.00952729937706
3598,"2018-09-03",15.4431137724551,2.9377245508982,14.6526946107784,0.0754491017964072,38.0395209580838,10.8206064008984
3766,"2018-09-04",23.4074074074074,0.0938271604938272,4.44197530864198,0.0962962962962963,16.8543209876543,-2.06504932018129
3775,"2018-09-05",12.9978632478632,1.56410256410256,10.517094017094,0.506410256410256,21.732905982906,-1.18353067814855
3776,"2018-09-06",11.5625,3.29285714285714,15.6303571428571,0.025,22.2125,1.41812786619908
3781,"2018-09-07",14.4012251148545,10.5375191424196,19.4241960183767,0.00918836140888208,36.9142419601838,8.08026208026208
2958,"2018-09-08",17.3688888888889,2.70222222222222,4.08444444444444,0.222222222222222,13.4,-5.26772989480828
3615,"2018-09-09",15.6616052060738,2.36225596529284,6.77006507592191,0,21.9761388286334,-0.269806094182825
3763,"2018-09-10",16.0641975308642,3.81975308641975,10.8567901234568,0.0395061728395062,20.4814814814815,-1.75126903553299
3762,"2018-09-11",19.6981707317073,0.74390243902439,9.01219512195122,0.13109756097561,18.3963414634146,-3.81549220010758
3762,"2018-09-12",15.7968337730871,1.09498680738786,11.8627968337731,0.102902374670185,21.3799472295515,-1.88320775026911
3762,"2018-09-13",14.1799410029499,2.47787610619469,9.26253687315634,0.135693215339233,13.0294985250737,-3.36829134720701
3778,"2018-09-14",13.3347732181425,0.622030237580994,10.6241900647948,0.0863930885529158,18.3520518358531,-1.30659340659341
2950,"2018-09-15",20.2146596858639,0.764397905759162,6.95811518324607,0.115183246073298,15.6178010471204,-6.37474048442907
3624,"2018-09-16",14.2426127527216,0.0855365474339036,7.14152410575428,7.049766718507,31.8242612752722,4.45609619686801
3770,"2018-09-17",21.3815384615385,0,6.02769230769231,0.138461538461538,19.7138461538462,-4.2208899547029
3768,"2018-09-18",14.032,1.83,10.518,0.098,22.662,-1.11801075268817
3768,"2018-09-19",18.8467741935484,0.838709677419355,6.89247311827957,0,16.744623655914,-3.80947283917581
3768,"2018-09-20",13.4580873671783,1.74380165289256,11.6658795749705,0.120425029515939,22.0035419126328,5.97388755662137
3780,"2018-09-21",12.1417910447761,1.36567164179104,13.1545842217484,0,22.1098081023454,8.52711910602344
2950,"2018-09-22",16.6085714285714,0.445714285714286,6.94857142857143,0.354285714285714,12.9514285714286,-2.2705561241897
3622,"2018-09-23",17.654919236417,0.618208516886931,5.62848751835536,0.0220264317180617,26.9632892804699,4.4712389380531
3774,"2018-09-24",21.8408602150538,0.832258064516129,4.83010752688172,0,23.8731182795699,-0.026378896882494
3764,"2018-09-25",13.6500994035785,1.45328031809145,13.2803180914513,0.0218687872763419,18.8787276341948,0.401237890204521
3764,"2018-09-26",12.6030368763557,2.90780911062907,16.1214750542299,0,30.4934924078091,11.2390297083674
3764,"2018-09-27",16.225656877898,1.38485316846986,6.57959814528594,0.00618238021638331,18.5795981452859,2.92108770994402
3787,"2018-09-28",19.3480083857442,0.318658280922432,6.53249475890985,0.0482180293501048,21.3689727463312,0.702409319565793
2951,"2018-09-29",14.7796610169492,0.963276836158192,13.1214689265537,0.112994350282486,23.1638418079096,-0.483497788363389
3624,"2018-09-30",14.7581699346405,1.25054466230937,5.24618736383442,0.274509803921569,17.9760348583878,-1.17504141358366
3780,"2018-10-01",16.2866379310345,1.54741379310345,8.00431034482759,0.00431034482758621,21.7435344827586,-0.997338301836572
3615,"2018-10-02",14.5366568914956,1.09090909090909,11.6129032258065,0,14.5131964809384,-3.90097629009763
3766,"2018-10-03",16.9010416666667,1.02083333333333,7.84375,0.4609375,16.9375,-2.46346666666667
3840,"2018-10-04",16.1751662971175,1.47893569844789,6.51441241685144,0.0399113082039911,16.6008869179601,-1.47520876826722
3881,"2018-10-05",18.3409090909091,0.288961038961039,5.52922077922078,0.128246753246753,21.8636363636364,2.36110394635027
3001,"2018-10-06",12.3971631205674,1.94326241134752,8.8274231678487,0.0260047281323877,16.1229314420804,-1.10810810810811
3662,"2018-10-07",12.5918653576438,2.34642356241234,8.64656381486676,0.241234221598878,22.586255259467,4.00192254875034
3875,"2018-10-08",11.1364829396325,2.74409448818898,11.7782152230971,0.161417322834646,32.5301837270341,6.5217617930675
3870,"2018-10-09",14.6066176470588,2.23253676470588,10.5974264705882,0.0634191176470588,32.3952205882353,13.2731862875365
3870,"2018-10-10",14.7058823529412,0.0271493212669683,6.70588235294118,0.0407239819004525,14.9457013574661,-1.77095262883915
3870,"2018-10-11",13.6968911917098,2.06347150259067,12.8989637305699,0.0038860103626943,29.7759067357513,7.84869109947644
3882,"2018-10-12",16.0508021390374,1.3596256684492,9.04946524064171,0.438502673796791,19.1617647058824,4.46201711174488
3018,"2018-10-13",15.3404958677686,2.18347107438017,9.79834710743802,0.216528925619835,28.7735537190083,5.58470311975847
3667,"2018-10-14",15.6944114149822,0.173602853745541,6.43519619500595,0.0332936979785969,21.9524375743163,5.76817933296884
3877,"2018-10-15",12.1503957783641,0.741424802110818,9.15391380826737,0.0729991204925242,26.1055408970976,11.5971241830065
3876,"2018-10-16",13.3081967213115,0.452459016393443,7.02459016393443,0,20.7459016393443,1.33463440020817
3876,"2018-10-17",17.1870503597122,0,6.29496402877698,0,14.9856115107914,0.367151011935651
3876,"2018-10-18",15.6354319180088,0.156661786237189,6.17715959004392,0,19.8345534407028,2.81836998706339
3889,"2018-10-19",17.0133010882709,0.0471584038694075,6.80652962515115,0.467956469165659,23.5659008464329,6.63755795981453
3021,"2018-10-20",19.3376205787781,0,6.18006430868167,0.154340836012862,15.0385852090032,-2.1986074270557
3667,"2018-10-21",19.1407249466951,0,5.67377398720682,0.0405117270788913,18.5586353944563,-0.097787489756897
3881,"2018-10-22",16.8470873786408,0.786407766990291,7.62378640776699,0,17.7669902912621,-1.22645914396887
3872,"2018-10-23",14.8185328185328,0.996138996138996,10.1776061776062,0.0366795366795367,22.3976833976834,0.621417404898385
3872,"2018-10-24",15.3725490196078,0,5.92156862745098,0.0728291316526611,17.327731092437,-2.89621172807473
3872,"2018-10-25",13.8009049773756,0.188536953242836,7.44042232277526,0.0588235294117647,22.5173453996983,3.31588541666667
3882,"2018-10-26",14.593201754386,0.587719298245614,7.66228070175439,0.167763157894737,26.3914473684211,7.89067774603999
3021,"2018-10-27",18.8872180451128,0.466165413533835,8.67669172932331,0.274436090225564,17.0037593984962,-3.58854860186418
3658,"2018-10-28",18.0839416058394,0.246350364963504,5.02919708029197,0.0164233576642336,19.8978102189781,1.13300492610837
3867,"2018-10-29",13.137299771167,0.459954233409611,7.31350114416476,0,18.2631578947368,-1.9516632016632
3800,"2018-10-30",20.3452054794521,0.446575342465753,5.86575342465753,0,12.2164383561644,-3.62198035572073
3259,"2018-10-31",14.3872679045093,3.03713527851459,12.6206896551724,0.135278514588859,22.1936339522546,-1.19836785938481
3874,"2018-11-01",14.0049813200498,0.148194271481943,6.28767123287671,0.51307596513076,20.6214196762142,4.67055167055167
3883,"2018-11-02",13.7884872824632,0.456492637215529,10.5127175368139,0.390896921017403,23.2061579651941,4.77936219859995
3045,"2018-11-03",19.6134453781513,1.3781512605042,6.31932773109244,0,14.3109243697479,-4.86282894736842
3717,"2018-11-04",18.4888392857143,1.25892857142857,5.58928571428571,0.0848214285714286,20.0267857142857,-2.22101841820152
3876,"2018-11-05",16.5794979079498,0.391213389121339,9.34100418410042,0.0836820083682008,28.7280334728033,-0.47208517268242
3882,"2018-11-06",16.9748427672956,0.647798742138365,7.42348008385744,0,21.6394129979036,-2.2255561303673
3882,"2018-11-07",18.4751243781095,0.0845771144278607,6.25373134328358,0,16.1791044776119,-3.2445652173913
3882,"2018-11-08",16.8324538258575,0.0118733509234828,7.655672823219,0.0659630606860158,21.2071240105541,4.25311203319502
3890,"2018-11-09",15.3101970865467,0.447300771208226,7.91173950299914,0.0342759211653813,25.8354755784062,12.2618125484121
2874,"2018-11-10",22.9024390243902,0.146341463414634,3.69512195121951,0.207317073170732,14.8211382113821,-3.48030672708261
3724,"2018-11-11",16.1140740740741,0.148148148148148,6.98666666666667,0.154074074074074,23.1911111111111,2.55997848305541
3888,"2018-11-12",13.1467136150235,0.265258215962441,7.73239436619718,0.0528169014084507,19.093896713615,4.62487126673532
3880,"2018-11-13",9.36499068901304,0.068901303538175,10.3389199255121,0.0819366852886406,13.5735567970205,-1.38759689922481
3880,"2018-11-14",13.7509505703422,0.102661596958175,7.89733840304183,0,14.7110266159696,-1.28362877997915
3880,"2018-11-15",16.6137832017229,7.30294328786791,11.9461593682699,0.0380473797559225,40.5807609475951,26.8676552881925
4014,"2018-11-16",18.1200657894737,0.116776315789474,3.67105263157895,0.0953947368421053,23.3026315789474,11.4279222418581
3792,"2018-11-17",17.0949720670391,2.27150837988827,6.67597765363128,0.208938547486034,28.6145251396648,8.08871822033898
3708,"2018-11-18",16.3206106870229,0.256997455470738,4.18575063613232,0,16.8956743002545,-3.34890629219552
3896,"2018-11-19",19.8142857142857,0,3.99142857142857,0.0628571428571429,23.2828571428571,-3.48625032125418
4018,"2018-11-20",14.9918144611187,1.06275579809004,6.00409276944066,0.0804911323328786,21.6534788540246,3.57705735660848
4064,"2018-11-21",27.9490084985836,0.308781869688385,5.75212464589235,0.307365439093484,28.2648725212465,5.18641975308642
2381,"2018-11-22",19.7746478873239,3.33802816901408,6.45774647887324,0.302816901408451,19.0281690140845,-8.14015151515152
3297,"2018-11-23",22.3133640552995,0.152073732718894,4.17972350230415,0.317972350230415,13.1889400921659,-7.14394169450349
3793,"2018-11-24",19.4078498293515,3.66723549488055,6.99658703071672,0.0819112627986348,22.1399317406143,1.89295177530472
4072,"2018-11-25",14.1815754339119,0.200267022696929,7.18691588785047,0.105473965287049,22.9679572763685,3.29549596459255
4062,"2018-11-26",16.4461538461538,0.868131868131868,7.48937728937729,0.0710622710622711,28.1025641025641,15.2974127103743
3866,"2018-11-27",15.0963045912654,0.381858902575588,6.25195968645017,0.245240761478163,18.3796192609183,5.59646844975331
3734,"2018-11-28",13.656,0.269333333333333,10.816,0.136,13.264,-3.10202429149798
3734,"2018-11-29",10.3784570596798,0.637554585152838,13.9257641921397,0,28.1542940320233,3.58310774228479
3736,"2018-11-30",16.7,0.0305555555555556,8.21388888888889,0,15.6111111111111,-3.62463027695617
2865,"2018-12-01",16.7717647058824,0.536470588235294,8.44470588235294,0.0352941176470588,12.8258823529412,-1.15955213435969
3407,"2018-12-02",15.3644444444444,0.54,10.7488888888889,0.913333333333333,19.6955555555556,-0.856806821523081
3722,"2018-12-03",12.7772925764192,0.196506550218341,9.45414847161572,0.0938864628820961,15.4192139737991,-2.31447049312854
3686,"2018-12-04",13.8356164383562,0.243835616438356,10.4712328767123,0.0164383561643836,15.4876712328767,-4.09997275946609
3734,"2018-12-05",13.7172236503856,0.390745501285347,10.0334190231362,0,12.439588688946,-3.33949442783365
3734,"2018-12-06",13.9391634980989,0.58808618504436,9.57414448669202,0.0190114068441065,23.3814955640051,5.43012506797172
3734,"2018-12-07",16.8171334431631,0.505766062602965,7.53047775947282,0.0411861614497529,22.7446457990115,1.99838622915546
2865,"2018-12-08",19.5384615384615,0.233974358974359,5.42307692307692,1.65705128205128,16.7852564102564,-2.45607870695713
3413,"2018-12-09",14.9369369369369,0.204954954954955,6.58333333333333,0.0900900900900901,17.7522522522523,-1.44043982895541
3721,"2018-12-10",17.4722792607803,0.0965092402464066,5.05133470225873,0,21.8008213552361,-0.809001097694841
3720,"2018-12-11",19.7637540453074,0,5.75728155339806,0.0355987055016181,19.1812297734628,-3.91879413362303
3696,"2018-12-12",19.6544850498339,0,5.44186046511628,0,14.4983388704319,-4.06192286800652
3726,"2018-12-13",14.3351573187414,0.574555403556772,12.3926128590971,0.094391244870041,32.0027359781122,6.36526946107784
3729,"2018-12-14",12.1096605744125,0.77154046997389,10.0770234986945,0.0731070496083551,20.0469973890339,4.48716563091056
2886,"2018-12-15",22.65,0.0125,3.90625,0.325,13.496875,-2.83009708737864
3412,"2018-12-16",13.7205323193916,1.60266159695818,10.8726235741445,0.153992395437262,18.3536121673004,0.181385667558727
3721,"2018-12-17",18.1007751937984,0.352713178294574,8.7906976744186,0.391472868217054,18.7713178294574,-5.82188089463756
3721,"2018-12-18",16.777358490566,0,8.70566037735849,0,12.1169811320755,-5.24885413858183
3888,"2018-12-19",16.5882352941176,0.135135135135135,3.72655007949126,0.068362480127186,17.9379968203498,1.43185338151781
4017,"2018-12-20",15.4418729817008,1.22174381054898,7.56835306781485,0.0376749192680301,31.6485468245425,24.5617439516129
4072,"2018-12-21",13.67850692354,0.355207706201084,5.60626128838049,0.922335942203492,24.8326309452137,17.1296479920674
3786,"2018-12-22",17.7986381322957,0.0389105058365759,4.27140077821012,0.179961089494163,27.6916342412451,9.77683765203596
4019,"2018-12-23",22.13298791019,0.231433506044905,2.87737478411054,0.0915371329879102,21.4317789291883,1.94916521305756
3185,"2018-12-24",19.9336492890995,1.40284360189573,6.11848341232227,0.0805687203791469,20.4691943127962,-6.17111459968603
3288,"2018-12-25",24.0191387559809,0,2,0.15311004784689,16.0478468899522,-7.17559342665855
4072,"2018-12-26",15.6677908937605,4.47976391231029,9.28414839797639,0.376897133220911,27.7866779089376,14.3485509104899
4074,"2018-12-27",16.8244897959184,1.00408163265306,5.49251700680272,0.105668934240363,31.4984126984127,28.904821383962
4075,"2018-12-28",17.8214084507042,0.500845070422535,4.92507042253521,0.0636619718309859,27.1791549295775,20.9409844299347
3787,"2018-12-29",18.8567119155354,0.383107088989442,4.46153846153846,0.317496229260935,25.7337858220211,15.4517590618337
4018,"2018-12-30",17.713870029098,0.525703200775946,3.26964112512124,0.529582929194956,23.2366634335597,8.05873531617096
3254,"2018-12-31",14.4685534591195,0.158280922431866,5.63417190775681,0.604821802935011,18.7442348008386,8.38428351309707
3876,"2019-01-01",14.9438470728793,0.869772998805257,7.3405017921147,0.200716845878136,19.1612903225806,5.14709711012757
4020,"2019-01-02",17.6492537313433,0.392537313432836,5.47686567164179,0.0626865671641791,24.665671641791,13.6175368473645
3719,"2019-01-03",15.7983963344788,0.888888888888889,4.03780068728522,0.0378006872852234,18.1076746849943,5.22718656918494
3721,"2019-01-04",18.2631578947368,0.246315789473684,4.56421052631579,0.0610526315789474,17.3494736842105,-2.01912200377054
2870,"2019-01-05",12.7525510204082,1.21428571428571,10.280612244898,0.10969387755102,17.469387755102,-1.17848410757946
3712,"2019-01-06",14.9735391400221,1.46747519294377,10.9570011025358,0.149944873208379,25.2061742006615,7.47255434782609
3701,"2019-01-07",15.5693548387097,0.391935483870968,11.0774193548387,0.15,22.6048387096774,0.631693394944278
3691,"2019-01-08",18.647619047619,1.00952380952381,8.78571428571429,0,16.0047619047619,-7.89129838045567
3710,"2019-01-09",20.3404255319149,0.175531914893617,9.43085106382979,0.0425531914893617,14.6914893617021,-9.21939194741167
3714,"2019-01-10",12.144262295082,0.668852459016393,15.5934426229508,0.436065573770492,19.0950819672131,-6.16227235661865
3722,"2019-01-11",14.497572815534,0.682038834951456,11.9587378640777,0,14.1966019417476,-4.5185286851496
2919,"2019-01-12",14.9736842105263,1.16666666666667,9.51169590643275,0,11.593567251462,-4.52307692307692
3379,"2019-01-13",17.3011494252874,4.54942528735632,7.51264367816092,0,21.1149425287356,-1.65559655596556
3718,"2019-01-14",14.2,0.958208955223881,13.8746268656716,0,16.3582089552239,-5.49060201579951
3706,"2019-01-15",12.7093206951027,0.417061611374408,13.693522906793,0.0679304897314376,21.740916271722,0.82041958041958
3706,"2019-01-16",16.1453488372093,0.578488372093023,14.4389534883721,0,17.7093023255814,-3.95050866098433
3706,"2019-01-17",12.446584938704,0.0525394045534151,8.18739054290718,0.136602451838879,17.9316987740806,0.352124183006536
3720,"2019-01-18",18.7015209125475,0.585551330798479,8.82699619771863,0.026615969581749,21.319391634981,1.50378257214906
2917,"2019-01-19",17.9614512471655,0.764172335600907,7.68253968253968,0,13.8095238095238,-0.266540642722117
3381,"2019-01-20",15.7178423236515,0.385892116182573,9.38589211618257,0.020746887966805,17.0352697095436,-0.73253618628068
3716,"2019-01-21",19.2112676056338,0.592957746478873,10.9281690140845,0.00422535211267606,25.3859154929577,5.26576700633434
3710,"2019-01-22",16.0799438990182,2.63113604488079,10.3239831697055,0,21.4025245441795,3.57663605051665
3710,"2019-01-23",15.9702380952381,2.06547619047619,12.2698412698413,0.204365079365079,19.7242063492063,-1.0474761255116
3710,"2019-01-24",12.0484261501211,1.49273607748184,11.1029055690073,0.141646489104116,23.3874092009685,4.74324693042292
3728,"2019-01-25",13.79633401222,1.60488798370672,9.36252545824847,0.0753564154786151,17.5682281059063,-2.19609967497291
2915,"2019-01-26",21.0333333333333,1.00333333333333,8.45333333333333,0.146666666666667,14.4166666666667,-5.08113730929265
3385,"2019-01-27",15.3797709923664,0.456106870229008,10.5400763358779,0,14.7977099236641,-0.809022556390977
3708,"2019-01-28",15.8738461538462,1.61538461538462,9.96,0.0430769230769231,16.1969230769231,-5.58842827318819
3708,"2019-01-29",15.8461538461538,0.663461538461538,7.63461538461539,0.0480769230769231,11.1634615384615,-8.09426751592357
3708,"2019-01-30",15.7799227799228,2.08494208494208,12.1814671814672,0,12.8841698841699,-6.43488145501786
3706,"2019-01-31",16.8456260720412,1.3516295025729,8.4819897084048,0.0840480274442539,21.1166380789022,1.99783616692427
3720,"2019-02-01",15.753216374269,6.67134502923977,13.7216374269006,0.0432748538011696,41.1929824561403,12.1456660204929
2913,"2019-02-02",13.8868552412646,1.35607321131448,16.0232945091514,15.828618968386,40.8818635607321,12.9278234854151
2808,"2019-02-03",20.937106918239,0.345911949685535,7.32704402515723,0.29559748427673,11.0943396226415,-8.08764367816092
3714,"2019-02-04",14.6053333333333,3.288,9.86133333333333,0,19.0773333333333,-4.17464635473341
3710,"2019-02-05",20.1945525291829,0.21011673151751,6.60311284046693,0.389105058365759,17.4280155642023,-7.3234221598878
3710,"2019-02-06",13.4902309058615,1.25577264653641,8.17939609236234,0,16.1918294849023,-0.985815602836879
3710,"2019-02-07",16.1334951456311,1.7245145631068,10.8373786407767,0.0800970873786408,28.4016990291262,8.18531169940222
3734,"2019-02-08",19.7647058823529,1.08996539792388,9.9878892733564,0.155709342560554,23.0051903114187,1.7810634834509
2923,"2019-02-09",21.7415730337079,0.97752808988764,6.98876404494382,0.112359550561798,16.1161048689139,-4.42127071823204
3395,"2019-02-10",15.9841605068638,0.446673706441394,7.50158394931362,0.00422386483632524,21.3780359028511,8.99062792877226
3736,"2019-02-11",19.512853470437,1.71850899742931,6.87017994858612,0,21.0835475578406,6.46023542922768
3738,"2019-02-12",17.2629904559915,1.65853658536585,8.7338282078473,0.0371155885471898,23.1198303287381,9.18668639053254
3738,"2019-02-13",16.0104861773117,0.799809342230696,10.1754051477598,0.321258341277407,27.2135367016206,12.3590700344432
3738,"2019-02-14",19.9093005380477,0.622598001537279,10.467332820907,0.168332052267487,31.1691006917756,18.6984082658475
3751,"2019-02-15",18.5332725615315,0.425706472196901,6.51595259799453,0.0793072014585232,26.7420237010027,11.453896816685
2942,"2019-02-16",22.0338078291815,0.47153024911032,9.06049822064057,0.402135231316726,21.6672597864769,2.90918508287293
3411,"2019-02-17",18.7321867321867,0.621621621621622,9.0995085995086,0.151105651105651,18.4520884520885,6.64298724954463
3754,"2019-02-18",24.3996175908222,0.160611854684512,7.41300191204589,0.00860420650095602,23.7237093690249,11.8495092693566
3748,"2019-02-19",22.2531380753138,0.337866108786611,7.10564853556485,0.0575313807531381,23.2792887029289,9.88879504504505
3748,"2019-02-20",18.0712041884817,4.34031413612565,11.9685863874346,0.018848167539267,24,12.9960426179604
3748,"2019-02-21",24.4026095060578,1.17520969245107,6.52562907735321,0.0764212488350419,24.0195712954334,14.6414810355208
3749,"2019-02-22",19.8281437125748,1.12095808383234,7.2748502994012,0.0664670658682635,30.4694610778443,25.650249031544
2951,"2019-02-23",21.0805860805861,0.868131868131868,5.33333333333333,0.0311355311355311,17.5531135531136,3.23480762315714
3413,"2019-02-24",25.2177858439201,0.168784029038113,3.86025408348457,0,19.8203266787659,2.47614593077643
3748,"2019-02-25",20.2141025641026,2.22307692307692,10.8705128205128,0.112820512820513,29.3089743589744,7.77960434661466
3750,"2019-02-26",22.9685185185185,5.43333333333333,12.9185185185185,0.333333333333333,27.7648148148148,2.93678321678322
3750,"2019-02-27",20.0195488721805,0.148872180451128,7.81654135338346,0.0616541353383459,21.0766917293233,3.03026057719249
3750,"2019-02-28",20.2566137566138,0.661375661375661,4.67857142857143,0.174603174603175,22.255291005291,5.58186328555678
3754,"2019-03-01",17.3388888888889,0.134722222222222,8.23055555555556,0.0902777777777778,20.7513888888889,4.07063711911357
2944,"2019-03-02",16.4497041420118,0.832347140039448,9.37869822485207,0,14.698224852071,1.07794943820225
3414,"2019-03-03",14.8857466063348,0.383484162895928,8.78393665158371,0.0441176470588235,21.5248868778281,8.25977223761157
3746,"2019-03-04",17.4291497975709,1.23279352226721,6.57287449392713,0,16.6599190283401,-0.822991689750692
3746,"2019-03-05",24.2296137339056,0.182403433476395,6.21030042918455,0.133047210300429,16.744635193133,-1.23469387755102
3753,"2019-03-06",17.5627062706271,0.216171617161716,7.18316831683168,0,16.8498349834984,1.01697235149192
4011,"2019-03-07",18.65625,0.078125,5.76004464285714,0.0680803571428571,20.1629464285714,5.64833206009677
4014,"2019-03-08",16.1673773987207,0.0522388059701493,4.772921108742,0,21.7921108742004,6.18569254185693
3543,"2019-03-09",17.9670418006431,1.39871382636656,11.338424437299,0.0795819935691318,31.1752411575563,19.2885013301803
3918,"2019-03-10",22.2289498580889,0.186376537369915,5.23462630085147,0.612109744560076,29.6792809839167,12.2296159915834
4018,"2019-03-11",23.2913907284768,0.0463576158940397,4.6887417218543,0.0827814569536424,20.5099337748344,1.68975210835676
4016,"2019-03-12",17.2893157262905,0.504201680672269,5.84753901560624,0.762304921968788,22.1380552220888,5.36896197327852
4016,"2019-03-13",20.5775316455696,0.0759493670886076,5.12658227848101,0.0300632911392405,19.6170886075949,2.23547659334461
4016,"2019-03-14",19.6740088105727,1.20704845814978,4.68832599118943,0.0451541850220264,27.807268722467,8.02525115395058
4018,"2019-03-15",22.7728813559322,0.942372881355932,7.0406779661017,0.147457627118644,21.264406779661,2.15607843137255
3551,"2019-03-16",17.6356107660455,0.0476190476190476,4.41614906832298,0,21.0786749482402,-0.324859592078037
3908,"2019-03-17",26.6344339622642,0,2.57075471698113,0.0566037735849057,22.6037735849057,-1.27635481261796
4007,"2019-03-18",21.5514403292181,0.0246913580246914,2.93827160493827,0,18.3292181069959,-6.04867140226256
4008,"2019-03-19",21.2103825136612,0.046448087431694,3.42896174863388,0.89344262295082,16.6092896174863,-4.40284360189573
4008,"2019-03-20",21.7655913978495,0.393548387096774,6.07096774193548,0.141935483870968,20.6193548387097,-2.0828729281768
4008,"2019-03-21",28.8515901060071,0.0530035335689046,4.35689045936396,0.0371024734982332,25.7314487632509,1.55325288562434
4006,"2019-03-22",20.4564564564565,0.274774774774775,9.25975975975976,0.0735735735735736,24.7717717717718,3.03184547115636
3549,"2019-03-23",30.9915254237288,0,2.03389830508475,3.92090395480226,34.1610169491525,-1.44490521327014
3908,"2019-03-24",27.3086419753086,0.822222222222222,3.44197530864198,0,23.2197530864198,-2.43299519487453
4013,"2019-03-25",21.5396475770925,1.68942731277533,5.64977973568282,0.643171806167401,21.9625550660793,-1.74147876245412
4014,"2019-03-26",25.1578947368421,0.141447368421053,4.20065789473684,0,20.4276315789474,-5.26208718626156
4014,"2019-03-27",20.4794238683128,0.613168724279835,7.80041152263374,0,19.656378600823,-0.991085474567383
4014,"2019-03-28",21.763723150358,0.873508353221957,4.05966587112172,0.143198090692124,23.291169451074,-1.96719604269721
4012,"2019-03-29",21.1628318584071,0,5.29203539823009,0.125663716814159,26.4796460176991,0.201975565375617
3551,"2019-03-30",29.0049382716049,0.367901234567901,3.63456790123457,0,21.3851851851852,-1.88298188298188
3915,"2019-03-31",23.9397590361446,0.0582329317269076,4.36546184738956,0.122489959839357,23.4839357429719,-0.69805799414738
4021,"2019-04-01",24.2665356908972,0.292730844793713,1.36411263916176,0,28.8166339227243,18.9052520453946
4018,"2019-04-02",22.8045325779037,0.0821529745042493,3.18413597733711,0.0198300283286119,18.2917847025496,-4.26546121593291
4018,"2019-04-03",28.0161812297735,0.103559870550162,3.85760517799353,0.485436893203884,20.5404530744337,-4.47604084838963
4018,"2019-04-04",18.9983686786297,0.598694942903752,4.96411092985318,0.33442088091354,25.2805872756933,1.91362562352323
4020,"2019-04-05",19.828729281768,0.734806629834254,6.21731123388582,0.244935543278085,25.9705340699816,0.128292046936115
3556,"2019-04-06",18.0721153846154,1.11378205128205,7.15865384615385,0.389423076923077,19.9807692307692,1.54993946731235
3776,"2019-04-07",17.8647186147186,2.46753246753247,8.0995670995671,0.112554112554113,28.4469696969697,9.20941828254848
3968,"2019-04-08",21.9615384615385,0.223646723646724,7.55555555555556,0.190883190883191,19.480056980057,3.42041343669251
3968,"2019-04-09",23.1217105263158,0.315789473684211,8.76480263157895,0.0509868421052632,22.5065789473684,2.22262678803641
3968,"2019-04-10",16.0020449897751,0.263803680981595,6.29856850715746,0.0531697341513292,13.2188139059305,-1.39269157349332
3970,"2019-04-11",15.0963222416813,2.41681260945709,7.98073555166375,0.0858143607705779,17.7022767075306,0.882950990615224
3981,"2019-04-12",15.6800947867299,0.321090047393365,7.10545023696682,0.0497630331753555,21.4609004739336,5.15891472868217
3044,"2019-04-13",15.4926590538336,2.0652528548124,9.70962479608483,0.0717781402936378,29.094616639478,6.41465076660988
3766,"2019-04-14",18.2682333873582,3.00081037277147,13.1118314424635,0.0786061588330632,37.919773095624,22.6731325998842
3981,"2019-04-15",22.2902010050251,0.46356783919598,4.88693467336683,0.193467336683417,22.8530150753769,5.17141390813446
3970,"2019-04-16",18.5601503759398,0,4.54887218045113,0.0263157894736842,13.7593984962406,-5.78496548197392
3972,"2019-04-17",21.0566801619433,1.11133603238866,7.26315789473684,0.512145748987854,15.4372469635628,-1.3802110817942
3970,"2019-04-18",16.9844748858447,1.29315068493151,6.63470319634703,0.0210045662100457,28.4812785388128,10.653103270667
3981,"2019-04-19",17.3987603305785,7.13326446280992,16.2376033057851,0.204545454545455,30.2561983471074,13.7826685006878
3044,"2019-04-20",24.3720930232558,0.0132890365448505,3.99667774086379,0.325581395348837,16.7873754152824,-4.03794940079893
3766,"2019-04-21",22.0831295843521,1.0880195599022,6.11246943765281,0.0953545232273839,25.2273838630807,-3.52623083131558
3981,"2019-04-22",24.1174438687392,0.618307426597582,6.61485319516408,0.16580310880829,21.740932642487,0.801487560913055
3970,"2019-04-23",17.958024691358,2.10617283950617,6.40493827160494,0.0987654320987654,22.8074074074074,-3.09609845509296
3972,"2019-04-24",16.9681274900398,0.314741035856574,6.54980079681275,0.0139442231075697,18.601593625498,-1.77855041454934
3966,"2019-04-25",24.4926931106472,0.987473903966597,3.62421711899791,0.331941544885177,20.9123173277662,-0.914587085155647
3982,"2019-04-26",16.250700280112,2.69467787114846,13.0840336134454,0.133053221288515,29.8193277310924,6.44512033853478
3034,"2019-04-27",26.6377952755906,1.1259842519685,5.12860892388451,0.0551181102362205,19.5459317585302,-0.0312608544633553
3767,"2019-04-28",16.5353159851301,0.169144981412639,6.99814126394052,0.327137546468401,15.7379182156134,-0.0781503515413737
3980,"2019-04-29",16.2504970178926,2.52783300198807,11.4075546719682,0,36.624254473161,12.6579220779221
3973,"2019-04-30",18.415220293725,1.28304405874499,6.91588785046729,0.102803738317757,19.3591455273698,4.29431162407255
3975,"2019-05-01",19.783185840708,0.780973451327434,6.28318584070797,0.767699115044248,17.0641592920354,-1.12796208530806
3973,"2019-05-02",15.5223546944858,4.75558867362146,8.20193740685544,0.03725782414307,36.225782414307,19.9737609329446
3986,"2019-05-03",16.2385218365062,2.79843225083987,9.6494960806271,0.216125419932811,23.2407614781635,7.86725894956885
3049,"2019-05-04",19.3031784841076,2.48899755501222,5.559902200489,0.00733496332518337,22.960880195599,-0.476300961219755
3776,"2019-05-05",21.7542372881356,1.51588983050847,6.24258474576271,0.0338983050847458,35.6440677966102,11.9448051948052
3986,"2019-05-06",19.3754098360656,0.4,5.58032786885246,0.0557377049180328,21.3016393442623,0.894099458902345
3975,"2019-05-07",18.0102171136654,3.36781609195402,9.39080459770115,0.0651340996168582,25.4699872286079,5.65765531583052
3973,"2019-05-08",17.8883495145631,1.67572815533981,9.24174757281553,0.26504854368932,31.5883495145631,12.757299758907
3971,"2019-05-09",17.3413461538462,0.546153846153846,6.75865384615385,0.128846153846154,24.0673076923077,9.96517150395778
3989,"2019-05-10",16.2252747252747,0.914285714285714,8.05604395604396,0.181318681318681,22.3065934065934,6.99795396419437
3039,"2019-05-11",19.3413173652695,2.4810379241517,8.99001996007984,0.313373253493014,27.3512974051896,3.03915063039151
3774,"2019-05-12",22.1761658031088,1.10535405872193,5.10189982728843,0.0552677029360967,24.1588946459413,1.48560564910375
3986,"2019-05-13",21.2613636363636,3.18560606060606,7.77146464646465,0.0366161616161616,40.8611111111111,9.17676240208877
3979,"2019-05-14",23.1655011655012,0.932400932400932,4.13286713286713,0,20.3379953379953,-2.21599791558103
3981,"2019-05-15",17.1876332622601,0.366737739872068,6.60767590618337,0,19.4008528784648,-1.77679500520291
3975,"2019-05-16",19.6695652173913,0.761490683229814,5.53664596273292,0.0670807453416149,25.0285714285714,5.40159301130524
3992,"2019-05-17",17.5356622998544,0.631732168850073,5.89082969432314,0.138282387190684,22.0858806404658,2.4758602978942
3046,"2019-05-18",16.3958333333333,2.76851851851852,15.8773148148148,0.0474537037037037,28.5324074074074,13.9935153583618
3773,"2019-05-19",16.5974248927039,0.390557939914163,8.25922746781116,0.0103004291845494,31.4489270386266,14.1066666666667
3990,"2019-05-20",18.7480403135498,0.910414333706607,14.1903695408735,0.0929451287793953,23.7054871220605,8.56452869384576
3979,"2019-05-21",16.0148148148148,1.29711934156379,7.21893004115226,0.0872427983539095,27.8888888888889,13.0330338266385
3981,"2019-05-22",17.4301310043668,1.0796943231441,6.67030567685589,0.110262008733624,29.3417030567686,7.67056682267291
3979,"2019-05-23",15.6322907861369,1.10312764158918,9.29839391377853,0.14792899408284,33.85460693153,14.9834282755049
3992,"2019-05-24",17.6661891117479,0.785100286532951,5.11747851002865,0.227793696275072,21.0444126074499,2.24320164186762
3052,"2019-05-25",28.3377777777778,0.0444444444444444,3.80888888888889,0.377777777777778,17.8977777777778,-5.76013179571664
3040,"2019-05-26",22.8005115089514,6.64961636828644,15.5549872122762,0.0255754475703325,23.9846547314578,0.16762614290552
3699,"2019-05-27",24.3844731977819,4.36229205175601,11.2402957486137,0,37.0184842883549,2.85706246482836
3981,"2019-05-28",19.4559440559441,1.76363636363636,10.9986013986014,0.0573426573426573,25.1832167832168,5.4069703622393
3983,"2019-05-29",18.4955752212389,2.59845132743363,12.3528761061947,0,28.0143805309735,11.0510204081633
3981,"2019-05-30",15.5945652173913,3.78478260869565,9.625,0.0467391304347826,30.5097826086957,9.67172675521822
3994,"2019-05-31",20.3667664670659,0.332335329341317,6.12275449101796,0.115269461077844,21.7035928143713,2.01437532671197
3056,"2019-06-01",22.3942093541203,4.48552338530067,13.467706013363,0.285077951002227,25.6102449888641,2.49966170500677
3779,"2019-06-02",18.0804597701149,0.955459770114943,10.9425287356322,0.0646551724137931,23.6925287356322,4.20378092855157
3992,"2019-06-03",20.9610570236439,0.285118219749652,7.93741307371349,0.255910987482615,26.9012517385257,3.97642127325124
3981,"2019-06-04",18.6835820895522,0.316417910447761,6.84179104477612,1.02686567164179,14.9134328358209,-4.52313725490196
3979,"2019-06-05",15.151376146789,2.51834862385321,9.89220183486239,0.0917431192660551,24.4965596330275,6.81598513011152
3981,"2019-06-06",18.0233690360273,1.59201557935735,8.13437195715677,2.81694255111977,34.2190847127556,12.1394018205462
3994,"2019-06-07",18.3420724094881,1.74531835205993,9.14481897627965,0,31.498127340824,6.84766331009553
3086,"2019-06-08",20.2064056939502,5.44306049822064,11.1548042704626,0.46797153024911,28.7686832740214,5.62878278412912
3846,"2019-06-09",22.2192046556741,6.54607177497575,11.2618816682832,0.0504364694471387,41.8865179437439,18.4939271255061
3980,"2019-06-10",15.9794801641587,1.6593707250342,8.36662106703146,0,23.9753761969904,4.72223640541231
3979,"2019-06-11",20.4440789473684,0.274671052631579,5.51973684210526,0,17.0493421052632,0.617840851495185
3979,"2019-06-12",13.7947103274559,1.03778337531486,9.27707808564232,0.122166246851385,25.6549118387909,5.33122469635628
3979,"2019-06-13",11.8855291576674,1.4341252699784,9.68466522678186,0.0485961123110151,21.6447084233261,6.54642044017202
3967,"2019-06-14",16.5726927939317,0.628318584070796,9.94437420986094,0.0834386852085967,30.8040455120101,6.55078720162519
3446,"2019-06-15",15.0437869822485,1.9905325443787,7.19763313609467,0.123076923076923,22.0650887573964,7.81772525849335
3843,"2019-06-16",14.1252115059222,3.11167512690355,11.0414551607445,0.0262267343485618,33.4991539763113,16.0408881668021
3980,"2019-06-17",15.6739130434783,2.02717391304348,13.4673913043478,0,30.6213768115942,13.8410613086038
3979,"2019-06-18",14.5925572519084,1.35019083969466,11.5400763358779,0.633587786259542,25.0458015267176,10.1608662026295
3979,"2019-06-19",15.7686703096539,1.83879781420765,11.0719489981785,0,30.0300546448087,12.5129387650525
3979,"2019-06-20",15.997005988024,0.827345309381238,12.1447105788423,0.00998003992015968,24.497005988024,10.1983577110598
3971,"2019-06-21",17.0008038585209,2.19935691318328,11.2813504823151,0.196141479099678,30.2451768488746,16.4079979090434
3446,"2019-06-22",14.9063670411985,1.71348314606742,7.77715355805243,0.0870786516853933,23.8923220973783,11.7991693859389
3843,"2019-06-23",15.0935960591133,3.5871921182266,9.13793103448276,0.204926108374384,23.0305418719212,9.98999459167117
3973,"2019-06-24",15.6985230234579,1.29365768896612,7.59339704604692,0.0807993049522155,27.5369244135534,11.7688545688546
3979,"2019-06-25",13.516462841016,1.99247412982126,7.47507055503293,0.570084666039511,26.2511759172154,9.64016309887869
3979,"2019-06-26",14.2233375156838,2.41154328732748,10.5972396486826,0.0853199498117942,19.9585947302384,4.35435282103651
3979,"2019-06-27",15.7410071942446,0.494964028776978,9.6431654676259,0.0805755395683453,21.9035971223022,2.59570707070707
3971,"2019-06-28",16.1912878787879,2.59659090909091,7.60416666666667,0.100378787878788,20.3825757575758,-0.484090909090909
3439,"2019-06-29",15.4367088607595,3.25316455696203,11.0527426160338,0.372362869198312,30.7035864978903,12.111013215859
3849,"2019-06-30",17.2296983758701,3.38399071925754,10.4257540603248,0.0916473317865429,26.4895591647332,7.42658626114316
3986,"2019-07-01",17.7845804988662,0.383219954648526,6.40816326530612,0.0453514739229025,16.5578231292517,-4.09200102223358
3985,"2019-07-02",15.4392097264438,4.33890577507599,10.7173252279635,0.0410334346504559,25.016717325228,2.99612002069322
3985,"2019-07-03",18.487323943662,2.66901408450704,5.63098591549296,0.204225352112676,23.2140845070423,3.05885337392187
3028,"2019-07-04",15.9244444444444,13.6311111111111,26.2488888888889,0.0466666666666667,38.1977777777778,5.54349315068493
3452,"2019-07-05",18.7707100591716,3.20710059171598,9.45710059171598,0,22.9541420118343,4.1932944606414
3450,"2019-07-06",16.6850574712644,4.57816091954023,14.235632183908,0.186206896551724,30.0551724137931,12.1244800950683
3849,"2019-07-07",15.6413043478261,1.5800395256917,11.098814229249,0.269762845849802,26.1501976284585,10.4099264705882
3986,"2019-07-08",17.4418837675351,0.530060120240481,8.37875751503006,0.0260521042084168,27.4859719438878,9.35172064777328
3985,"2019-07-09",18.5679442508711,1.24564459930314,5.06794425087108,0.111498257839721,19.506968641115,-0.195245321193728
3985,"2019-07-10",18.0776173285199,3.15342960288809,7.89169675090253,0.0523465703971119,25.7797833935018,1.0361909650924
3985,"2019-07-11",18.193094629156,5.62787723785166,14.7966751918159,0,26.9437340153453,8.10556722689076
3977,"2019-07-12",19.2511061946903,0.783185840707965,7.27544247787611,0.713495575221239,23.9181415929204,6.89051282051282
3450,"2019-07-13",17.8026315789474,1.40789473684211,7.27105263157895,0.263157894736842,16.0894736842105,-2.06610576923077
3849,"2019-07-14",23.6920353982301,0.297345132743363,4.75044247787611,0,22.3433628318584,0.901260504201681
3986,"2019-07-15",17.1384863123994,2.40257648953301,11.5314009661836,0.0676328502415459,23.8760064412238,1.58473282442748
3985,"2019-07-16",12.3405698778833,1.23337856173677,8.35820895522388,0.0705563093622795,16.9308005427408,1.07577671129073
3985,"2019-07-17",18.9721603563474,5.65478841870824,12.8240534521158,0.05456570155902,32.0879732739421,10.6327800829876
3985,"2019-07-18",21.2053742802303,1.80614203454894,10.1046065259117,0.0604606525911708,33.2763915547025,13.3134828564063
3977,"2019-07-19",19.250406504065,1.22113821138211,9.12032520325203,0.157723577235772,31.0325203252033,2.96069979716024
3450,"2019-07-20",19.6744505494506,4.01510989010989,9.28708791208791,0.0480769230769231,33.4010989010989,8.80158963791581
3849,"2019-07-21",16.6582608695652,2.54086956521739,11.5878260869565,0.0208695652173913,31.2078260869565,14.359477124183
3986,"2019-07-22",16.5950653120464,4.44702467343977,12.3018867924528,0,26.0507982583454,4.25225225225225
3985,"2019-07-23",18.7425742574257,2.45685997171146,9.5035360678925,0.350777934936351,24.2149929278642,3.63165905631659
3985,"2019-07-24",15.4656934306569,0.786861313868613,10.5328467153285,1.3036496350365,26.9751824817518,2.96988104277398
3985,"2019-07-25",19.3877551020408,1.01587301587302,5.54875283446712,0.217687074829932,20.9886621315193,-2.35402472874085
3977,"2019-07-26",16.8526315789474,1.31578947368421,6.02105263157895,0.357894736842105,15.5263157894737,-4.01109150491555
3450,"2019-07-27",20.735119047619,0.949404761904762,9.49107142857143,0.0386904761904762,17.1845238095238,-3.39027939464494
3849,"2019-07-28",21.1956087824351,1.35528942115768,4.15568862275449,0.139720558882236,25.0499001996008,-0.464183381088825
3986,"2019-07-29",16.3450608930988,1.8105548037889,9.20027063599459,0,27.3545331529093,3.83651911468813
3985,"2019-07-30",16.9734806629834,4.39005524861878,13.1580110497238,0.0441988950276243,32.3602209944751,9.19526017516744
3985,"2019-07-31",17.9553903345725,1.89467162329616,13.271375464684,0,29.086741016109,7.26310353730958
3985,"2019-08-01",13.4948932219127,1.39182915506035,10.8356545961003,0.0454967502321263,26.0519962859796,10.1406570841889
3977,"2019-08-02",17.3149171270718,0.988950276243094,8.49723756906077,0.0607734806629834,19.4613259668508,2.98240693523712
3450,"2019-08-03",17.2380952380952,0.090702947845805,4.60770975056689,0.315192743764172,16.6326530612245,-1.04091174751607
3849,"2019-08-04",19.2874828060523,1.85694635488308,5.1939477303989,0.276478679504814,26.2572214580468,4.66169544740973
3993,"2019-08-05",19.0285171102662,2.1425855513308,8.06653992395437,0.0475285171102662,19.9334600760456,-0.692385021362151
3911,"2019-08-06",14.6110183639399,1.76293823038397,10.1202003338898,0.175292153589316,21.5091819699499,0.893391843056273
3899,"2019-08-07",15.3245869776482,4.4402332361516,14.1856171039845,0.0408163265306122,33.7259475218659,14.5584486032004
3899,"2019-08-08",13.7473481195757,1.3731918997107,15.3934426229508,0.029893924783028,28.4821600771456,11.7184667184667
3907,"2019-08-09",17.6417322834646,0.265748031496063,9.11023622047244,0.112204724409449,19.7125984251969,-0.295886889460154
3007,"2019-08-10",17.6888888888889,0.355555555555556,6.24444444444444,0.111111111111111,11.1666666666667,-6.96297531687792
3748,"2019-08-11",16.9119047619048,2.33333333333333,5.93571428571429,0.276190476190476,20.497619047619,-2.91597538132192
3909,"2019-08-12",21.1898454746137,1.8167770419426,4.58498896247241,0.15673289183223,16.6512141280353,-2.32487703857106
3905,"2019-08-13",15.0355029585799,1.57692307692308,11.5295857988166,0,22.1804733727811,2.46287063762792
3905,"2019-08-14",13.7823470411234,1.88264794383149,11.1865596790371,0.0351053159478435,23.5727181544634,8.76080166579906
3905,"2019-08-15",13.6106557377049,1.46994535519126,17.0136612021858,0.0204918032786885,25.3510928961749,5.40249934912783
3909,"2019-08-16",11.283422459893,0.447860962566845,12.533422459893,0.224598930481283,22.451871657754,3.53921316533813
3007,"2019-08-17",19.2052505966587,1.43436754176611,9.5799522673031,0.045346062052506,19.7613365155131,0.2395449983272
3748,"2019-08-18",13.7678355501814,6.92019347037485,10.6747279322854,0.0181378476420798,33.6408706166868,8.11811238406983
3911,"2019-08-19",17.2148288973384,2.70342205323194,10.3973384030418,0.0361216730038023,26.9429657794677,0.377651319192964
3907,"2019-08-20",18.871186440678,4.37514124293785,19.5062146892655,0.0259887005649717,31.3638418079096,11.6967431927389
3905,"2019-08-21",17.4470588235294,1.96302521008403,10.272268907563,0,18.5126050420168,1.51300236406619
3907,"2019-08-22",13.5901442307692,3.18028846153846,12.0865384615385,0.133413461538462,21.5396634615385,5.95790309769658
3909,"2019-08-23",12.4688856729378,0.929088277858177,11.2590448625181,0.104196816208394,19.137481910275,2.03609452090366
3007,"2019-08-24",20.7153284671533,0,8.36496350364964,0.510948905109489,10.5401459854015,-8.56824234354194
3748,"2019-08-25",22.6169665809769,0.989717223650386,5.04884318766067,0.290488431876607,20.4627249357326,-3.43214189733943
3911,"2019-08-26",13.6839729119639,0.905191873589165,8.08126410835214,0.523702031602709,18.2483069977427,-3.05024478227261
3905,"2019-08-27",15.4774774774775,0.697297297297297,9.17477477477478,0,20.1333333333333,-0.582588111520252
3907,"2019-08-28",14.779324055666,4.90457256461233,10.1709741550696,0.218687872763419,19.4214711729622,-1.00493122242409
3907,"2019-08-29",17.4174107142857,0.252232142857143,4.57142857142857,0.0602678571428571,15.2678571428571,-1.99019860717049
3905,"2019-08-30",17.6187399030695,6.67205169628433,10.4943457189015,0.0872374798061389,34.0371567043619,4.9304600740349
2784,"2019-08-31",17.869387755102,1.52244897959184,5.75510204081633,0.0448979591836735,14.3387755102041,-6.53222902412676
2785,"2019-09-01",19.6268656716418,1.19900497512438,12.089552238806,0,20.5721393034826,-7.76553468208092
3850,"2019-09-02",15.97,1.66,13.45,0.836666666666667,25.45,-4.83297413793103
3790,"2019-09-03",17.1504854368932,0.995145631067961,5.59223300970874,0,11.0582524271845,-7.72856331629756
3793,"2019-09-04",12.25,0.485507246376812,14.3550724637681,0.199275362318841,15.5688405797101,-6.73471676948962
3793,"2019-09-05",16.7142857142857,0.0793650793650794,8.97619047619048,0.0277777777777778,9.66666666666667,-7.27833954230974
3788,"2019-09-06",20.2952127659574,1.22074468085106,16.1010638297872,0,24.2234042553191,-3.00187969924812
3004,"2019-09-07",22.2857142857143,0.122448979591837,20.3061224489796,0,23.108843537415,-9.18172690763052
3727,"2019-09-08",18.2611940298507,0.980099502487562,19.4179104477612,0.181592039800995,26.2587064676617,-2.0043537414966
3793,"2019-09-09",19.010989010989,0.225274725274725,7.73351648351648,0.230769230769231,16.7582417582418,-3.6813829787234
3792,"2019-09-10",12.9673024523161,0.346049046321526,12.7874659400545,0.348773841961853,23.5449591280654,-3.06732832618026
3792,"2019-09-11",16.220253164557,0.286075949367089,9.29113924050633,0,15.9113924050633,-3.65803523758676
3789,"2019-09-12",14.685628742515,0.146706586826347,9.38173652694611,0.0239520958083832,18.5464071856287,2.12633832976445
3793,"2019-09-13",12.2699530516432,0.126760563380282,8.43896713615023,0.157276995305164,16.7441314553991,-2.78994948152087
3006,"2019-09-14",23.4081632653061,0,6.01360544217687,0,14.7142857142857,-8.532
3721,"2019-09-15",22.807570977918,0.624605678233438,10.4763406940063,0,18.3249211356467,-4.23491027732463
3781,"2019-09-16",17.9230769230769,0.54251012145749,10.5951417004049,0.327935222672065,16.1255060728745,-5.35107798775619
3781,"2019-09-17",20.0816901408451,1.3830985915493,10.1042253521127,0,18.5774647887324,-3.97404335028097
3781,"2019-09-18",18.3986928104575,0.383442265795207,8.9281045751634,0.0239651416122004,15.5446623093682,-1.85733404710921
3781,"2019-09-19",15.5031766200762,6.96060991105464,9.50063532401525,0,27.9301143583227,8.37346024636058
3780,"2019-09-20",13.6507936507937,0.595238095238095,10.7365079365079,0.0285714285714286,28.2698412698413,2.82451475671364
2997,"2019-09-21",20.8202247191011,0,5.06741573033708,0,16.5561797752809,-8.08917835671343
3719,"2019-09-22",21.5396226415094,0,4.1811320754717,0.0377358490566038,18.4075471698113,-6.27336574824419
3781,"2019-09-23",13.6228209191759,1.61806656101426,12.1838351822504,0.0285261489698891,27.5467511885895,2.77846735024285
3777,"2019-09-24",19.0082644628099,0.0413223140495868,7.01652892561984,0,13.3512396694215,-6.44693333333333
3777,"2019-09-25",17.7443181818182,1.81818181818182,7.51704545454545,0,9.48295454545454,-7.55739014647137
3777,"2019-09-26",14.814606741573,0,9.44943820224719,0.0674157303370786,14.8286516853933,-3.57089848926584
3777,"2019-09-27",14.5496031746032,8.79166666666667,14.2261904761905,0.00396825396825397,24.8234126984127,2.29044943820225
2995,"2019-09-28",20.7896103896104,2.22857142857143,5.08311688311688,0,17.0909090909091,-1.39905469277515
3716,"2019-09-29",17.7541899441341,0.305400372439479,8.16759776536313,0.0391061452513966,21.1601489757914,-0.508646719736481
3781,"2019-09-30",19.7945823927765,0.413092550790068,6.54176072234763,0.124153498871332,18.6523702031603,-2.28318108543794
3781,"2019-10-01",17.5376344086022,0.913978494623656,6.52329749103943,0,15.6236559139785,-6.17310252996005
3884,"2019-10-02",18.7416267942584,0.966507177033493,7.52153110047847,0.392344497607655,15.1004784688995,-8.27036844836534
3881,"2019-10-03",16.405325443787,0.272189349112426,9.47633136094675,0,15.3668639053254,-4.81264516129032
3885,"2019-10-04",25.4986301369863,0.210958904109589,5.92876712328767,0.0575342465753425,23.2712328767123,-3.02530991735537
3010,"2019-10-05",17.9409448818898,0.582677165354331,6.40551181102362,0,13.507874015748,-5.69594145043247
3806,"2019-10-06",17.793795620438,0.476277372262774,6.91605839416058,0,21.6861313868613,-0.216431800053177
3881,"2019-10-07",25.9458128078818,0,4.78571428571429,0.130541871921182,22.2413793103448,-2.06756756756757
3888,"2019-10-08",19.2892307692308,0.08,7.37230769230769,0.209230769230769,17.3292307692308,-5.13725998962117
3888,"2019-10-09",16.509234828496,0.229551451187335,8.7598944591029,0.179419525065963,15.7282321899736,-3.61248374512354
3883,"2019-10-10",12.2631048387097,2.08568548387097,11.1532258064516,0.0403225806451613,24.2540322580645,8.87144362486828
3887,"2019-10-11",15.9909502262443,0.885746606334842,6.98981900452489,0.142533936651584,24.6674208144796,6.70111950013017
3010,"2019-10-12",15.9006622516556,0,4.49668874172185,0.211920529801325,11.0596026490066,-8.28856382978723
3810,"2019-10-13",20.6815476190476,0,5.05059523809524,0.113095238095238,19.0446428571429,-4.39220847591471
3885,"2019-10-14",18.9869706840391,0,4.20846905537459,0.342019543973941,16.0651465798046,-5.52208731593903
3884,"2019-10-15",15.8992805755396,0.124700239808153,7.64748201438849,0.160671462829736,17.916067146283,-3.47292044571132
3888,"2019-10-16",18.0190476190476,0.0301587301587302,6.76666666666667,0.00158730158730159,19.3777777777778,1.42678478374153
3883,"2019-10-17",16.7396313364055,0.654377880184332,9.60138248847926,0.076036866359447,20.9677419354839,-1.61846870150026
3889,"2019-10-18",19.5439739413681,0,6.03257328990228,0.0618892508143322,19.4071661237785,-4.95666752643797
3010,"2019-10-19",17.4431818181818,0,5.02651515151515,0.507575757575758,14.9393939393939,-5.43737508327782
3810,"2019-10-20",15.128,1.87542857142857,8.95314285714286,0.165714285714286,25.2708571428571,7.19369612068965
3885,"2019-10-21",15.3340659340659,2.00659340659341,5.97362637362637,0.140659340659341,23.4736263736264,7.00901617608061
3888,"2019-10-22",16.5925925925926,0.093681917211329,6.93899782135076,0,18.636165577342,-2.67771162309086
3888,"2019-10-23",15.7027027027027,0.240540540540541,7.42162162162162,0.0243243243243243,15.4,-3.96634739839503
3883,"2019-10-24",15.6453305351522,2.12067156348374,9.69779643231899,0.196222455403987,23.9737670514166,8.07653866386113
3885,"2019-10-25",14.90375,0.165,4.6675,0.09625,21.405,3.72605215595146
3010,"2019-10-26",24.9285714285714,1.37714285714286,5.3,0.04,17.0657142857143,-2.2952861952862
3810,"2019-10-27",15.5423529411765,0.755294117647059,9.67647058823529,0.0482352941176471,22.7329411764706,5.92478813559322
3885,"2019-10-28",13.4827586206897,0.337568058076225,8.12704174228675,0,15.6569872958258,-1.65089216446858
3883,"2019-10-29",11.3666666666667,1.584375,13.4364583333333,0.009375,21.1916666666667,7.4169842133914
3856,"2019-10-30",14.0708534621578,0.985507246376812,9.04186795491143,0.0619967793880837,26.9243156199678,13.464966442953
3849,"2019-10-31",14.7920454545455,6.17727272727273,13.4443181818182,0.146590909090909,25.8340909090909,10.1917113053284
3843,"2019-11-01",18.3010752688172,0.643010752688172,4.4,0.135483870967742,15.1763440860215,-1.59178228388474
3022,"2019-11-02",23.521978021978,0,7.06593406593407,0,10.967032967033,-6.47331786542923
3772,"2019-11-03",17.2459770114943,0.0298850574712644,4.72873563218391,0,28.6873563218391,-2.36205512443136
3835,"2019-11-04",22.243816254417,0,4.92226148409894,0.176678445229682,19.0989399293286,-5.69267139479905
3837,"2019-11-05",20.573883161512,0.0962199312714777,2.69759450171821,0,14.2646048109966,-6.53026315789474
3837,"2019-11-06",17.1762376237624,0.186138613861386,6.33663366336634,0.2,17.6336633663366,-2.52840158520476
3837,"2019-11-07",15.2352941176471,0.342952275249723,4.37180910099889,1.2519422863485,21.2708102108768,5.39515279241307
3835,"2019-11-08",16.055900621118,0.0031055900621118,5.73447204968944,0.0636645962732919,20.526397515528,1.27413431269675
2803,"2019-11-09",23.9194312796209,0.246445497630332,5.76303317535545,0.037914691943128,16.9668246445498,-7.23666308628715
3764,"2019-11-10",29.8158640226629,0.18413597733711,3.54390934844193,0.960339943342776,18.056657223796,-4.42753817305117
3830,"2019-11-11",14.4743326488706,1.08521560574949,9.46817248459959,0.193018480492813,27.9394250513347,8.54294975688817
3832,"2019-11-12",17.3622047244094,0.0433070866141732,6.39107611548556,0.0866141732283465,22.7729658792651,4.07602956705385
3832,"2019-11-13",20.0601719197708,0.33810888252149,3.94269340974212,0,15.3954154727794,-4.83522577237919
3832,"2019-11-14",21.1685144124169,0.0776053215077605,4.98891352549889,0.113082039911308,21.0953436807095,-1.43494228751312
3826,"2019-11-15",18.2725490196078,0.133333333333333,5.79019607843137,0.417647058823529,21.2,-1.64671916010499
2799,"2019-11-16",13.3006535947712,1.02614379084967,9.76470588235294,0,19.1176470588235,-8.8824163969795
3771,"2019-11-17",21.8922558922559,0,5.39393939393939,0.104377104377104,17.3804713804714,-6.06879150066401
3830,"2019-11-18",19.2278911564626,0.299319727891156,5.69047619047619,0.244897959183673,19.1938775510204,-7.12397999473546
3832,"2019-11-19",16.7090301003344,1.2943143812709,6.62541806020067,0,16.3846153846154,-7.58689307508623
3832,"2019-11-20",12.9626972740316,0.860832137733142,12.5624103299857,0.117647058823529,22.4878048780488,1.11179132286399
3813,"2019-11-21",13.1592261904762,0.34375,6.84226190476191,0.0610119047619048,18.0669642857143,0.393368700265252
3806,"2019-11-22",14.4372384937239,0.309623430962343,5.52719665271966,0,15.9937238493724,-2.98342105263158
3624,"2019-11-23",18.4782608695652,0.217391304347826,2.78743961352657,0.454106280193237,18.768115942029,-7.47912634780205
3769,"2019-11-24",21.3285198555957,0.711191335740072,4.53429602888087,0.332129963898917,16.4476534296029,-7.06781914893617
3810,"2019-11-25",19.0536672629696,0.13953488372093,5.81932021466905,0.118067978533095,17.6815742397138,-1.67320434667373
3812,"2019-11-26",16.1850060459492,2.5223700120919,12.5779927448609,0.785973397823458,25.5102781136638,7.71312166338859
3812,"2019-11-27",14.3069620253165,0.526371308016878,6.64556962025316,0.0421940928270042,22.7320675105485,6.28190224570674
2410,"2019-11-28",20.2658959537572,0.609826589595376,12.7658959537572,0.069364161849711,26.228323699422,-0.234655532359081
3181,"2019-11-29",15.8080438756856,1.64351005484461,9.80073126142596,0.296160877513711,24.3692870201097,1.46153846153846
3628,"2019-11-30",15.2640449438202,0.446067415730337,8.4123595505618,0.382022471910112,25.8101123595506,7.80354668883347
3872,"2019-12-01",15.8536363636364,2.19818181818182,10.1690909090909,0.0718181818181818,27.9481818181818,12.1729461015175
3807,"2019-12-02",18.8361138370952,0.79784102060844,10.5230618253189,0.105986261040236,27.3709519136408,11.2378537106247
3830,"2019-12-03",17.6204819277108,0.143373493975904,5.22168674698795,0.12289156626506,20.2397590361446,4.76931216931217
3828,"2019-12-04",15.2893289328933,0.0396039603960396,8.6963696369637,0.0759075907590759,21.03300330033,5.85870434550786
3826,"2019-12-05",16.1515151515152,0,4.45454545454545,0,17.7717171717172,-1.95249406175772
3822,"2019-12-06",19.2635379061372,0.433212996389892,5.65162454873646,0.212996389891697,21.0776173285199,-0.505122143420016
2796,"2019-12-07",18.0917030567686,0.2882096069869,13.6288209606987,0.109170305676856,21.7903930131004,-4.81798561151079
3757,"2019-12-08",14.6091743119266,0.0458715596330275,6.33577981651376,0.139449541284404,20.9247706422018,-1.38868126001068
3816,"2019-12-09",13.517571884984,0.225239616613419,10.0702875399361,0.143769968051118,18.538338658147,0.633862433862434
3830,"2019-12-10",15.7222222222222,0.133838383838384,5.42676767676768,0.108585858585859,13.9292929292929,-3.65727823111345
3823,"2019-12-11",17.2522123893805,0.238938053097345,7.7094395280236,0,17.901179941003,2.02551155992559
3826,"2019-12-12",15.7052631578947,0.345614035087719,4.85087719298246,0.256140350877193,17.4,0.0669467051719611
3822,"2019-12-13",15.128640776699,0.0485436893203883,6.1881067961165,0.0194174757281553,23.1966019417476,4.94166003712543
2796,"2019-12-14",15.4863636363636,1.00454545454545,8.15681818181818,0.122727272727273,14.0659090909091,-0.845161290322581
3762,"2019-12-15",11.8106712564544,0.975903614457831,9.4974182444062,0.10671256454389,23.0086058519793,-0.00972184715095868
3822,"2019-12-16",12.4856007944389,0.447864945382324,8.09731876861966,0.0476663356504469,18.6534260178749,6.42681295156543
3824,"2019-12-17",13.8624127617149,0.758723828514457,10.024925224327,0.111665004985045,25.1385842472582,9.21166711265721
3800,"2019-12-18",15.5217889908257,0.0642201834862385,6.81995412844037,0.310779816513761,19.4392201834862,5.74563260984648
3802,"2019-12-19",18.8222490931076,0.123337363966143,3.82587666263603,0.0665054413542926,21.0012091898428,4.83289334741288
3800,"2019-12-20",19.5925925925926,0.602809706257982,3.90804597701149,0.154533844189017,22.6717752234994,5.07354497354497
3622,"2019-12-21",16.5616438356164,0.0236612702366127,2.93399750933998,0.189290161892902,18.1282689912827,3.77737831858407
3864,"2019-12-22",20.502766798419,0.156521739130435,5.90276679841897,0.314624505928854,31.9059288537549,15.9879296772501
3800,"2019-12-23",17.1384499623777,0.276899924755455,6.31527464258841,0.0805116629044394,27.8427389014296,14.7216905901116
3407,"2019-12-24",15.6798336798337,0.748440748440748,5.11642411642412,0.051975051975052,20.3451143451143,-1.13814993954051
3290,"2019-12-25",19.968253968254,0.638888888888889,6.86111111111111,0.150793650793651,14.9007936507937,-7.17358145210494
3802,"2019-12-26",13.6152433425161,0.913682277318641,11.6189164370983,0.470156106519743,27.2506887052342,10.2697403285639
3800,"2019-12-27",17.524348810872,0.0928652321630804,4.33522083805209,0.135900339750849,22.5266138165345,5.70087509944312
3622,"2019-12-28",19.68525592055,1.29411764705882,8.64323911382735,0.186401833460657,34.0091673032849,19.7840812870449
3864,"2019-12-29",17.9869888475836,0.20817843866171,4.24349442379182,0.195167286245353,26.7611524163569,9.42857142857143
3800,"2019-12-30",18.3258575197889,0.788918205804749,5.28232189973615,0.427440633245383,23.3839050131926,3.99107625743645
3310,"2019-12-31",20.704347826087,0.0282608695652174,3.77391304347826,0.0369565217391304,15.2521739130435,-1.42079360196863
