"avg_arr_delay","avg_dep_delay","fl_date"
14.4827658459927,21.0476240318191,"2018-01-01"
11.2432837920203,17.5119985001875,"2018-01-02"
7.1900949729004,13.3589284826798,"2018-01-03"
2.63469769124118,9.3705152901517,"2018-01-04"
12.6865909441332,18.3525545571245,"2018-01-05"
8.14256259204713,15.3726528930484,"2018-01-06"
11.2279510856002,18.1066892464014,"2018-01-07"
13.8624832447997,18.9685609441634,"2018-01-08"
5.26254766567041,12.1042853477034,"2018-01-09"
-1.14259525343111,5.55327361805315,"2018-01-10"
5.27188694768427,10.3499301103774,"2018-01-11"
23.8934426229508,26.2346105684949,"2018-01-12"
0.914260272229996,9.37017488076312,"2018-01-13"
-3.04272274488102,4.21908185840708,"2018-01-14"
11.8867646336069,14.574976684828,"2018-01-15"
4.90743368627879,10.3176688655073,"2018-01-16"
22.9897037771171,25.1085497359155,"2018-01-17"
1.80106914814631,9.92207278481013,"2018-01-18"
-5.55442402425161,3.3253091977444,"2018-01-19"
-8.99079544747808,1.09145129224652,"2018-01-20"
0.530193934934567,7.51697757283588,"2018-01-21"
-0.951770724680872,5.77466045404977,"2018-01-22"
-0.835020967576966,5.6437845021468,"2018-01-23"
-3.62286555446516,2.40465093460236,"2018-01-24"
-5.39622104063806,1.40506689439226,"2018-01-25"
-7.10442903636621,0.985996510915177,"2018-01-26"
-9.20932256059664,-0.239458485996398,"2018-01-27"
-4.4050237888167,2.686969851814,"2018-01-28"
0.349787152628306,5.73812027918539,"2018-01-29"
-2.39207560519533,3.955474784189,"2018-01-30"
-9.49500538634806,-0.975073457394711,"2018-01-31"
-4.10923091548626,2.70047987836746,"2018-02-01"
2.11773910569491,7.93874360432064,"2018-02-02"
-6.64563076344019,1.41971830985916,"2018-02-03"
14.6431736038242,17.4500318637391,"2018-02-04"
7.24765183181706,12.8381349693252,"2018-02-05"
-2.2752121119748,3.85674442190669,"2018-02-06"
18.3132993657066,20.2188146462557,"2018-02-07"
-1.62774321130565,5.11421136330779,"2018-02-08"
11.5815569972196,16.5498795921504,"2018-02-09"
6.69844677358252,11.2132033951588,"2018-02-10"
19.05985306828,23.1899318413567,"2018-02-11"
1.20159862154789,7.86711281070746,"2018-02-12"
-6.53781554862717,1.74743615523829,"2018-02-13"
-5.04263005780347,2.57179632394584,"2018-02-14"
7.8138030194105,13.5962617711405,"2018-02-15"
5.56052279129913,10.324196074818,"2018-02-16"
3.52375585740554,7.93755533258573,"2018-02-17"
0.968353430572376,7.54423733263324,"2018-02-18"
8.88751527686378,11.8444725264439,"2018-02-19"
14.5567580924141,19.2770452428803,"2018-02-20"
4.9337985755939,11.2996088532723,"2018-02-21"
10.3490385065269,14.6676776631982,"2018-02-22"
6.92885302165948,11.9253330866025,"2018-02-23"
4.56165501165501,10.4562920826561,"2018-02-24"
4.00906773845701,10.0334343533092,"2018-02-25"
-2.20043542708912,4.99634648291171,"2018-02-26"
-4.56405380995389,2.34230988052342,"2018-02-27"
-2.07553838179162,3.76583051484404,"2018-02-28"
8.69834301090497,12.8675502914082,"2018-03-01"
10.1811478567105,15.4731335149864,"2018-03-02"
2.2286036036036,10.6737869822485,"2018-03-03"
1.56066822977726,8.18882005755817,"2018-03-04"
6.77214539338441,11.7887822603186,"2018-03-05"
-1.0858247665755,4.49858597285068,"2018-03-06"
-0.677025586353945,4.85733262486716,"2018-03-07"
1.51147510642236,7.29125809435708,"2018-03-08"
0.576929973998027,6.36699838622916,"2018-03-09"
-2.27008280460265,4.45342649825316,"2018-03-10"
2.02488509215841,7.90709318497914,"2018-03-11"
1.60875289417533,6.84328290606033,"2018-03-12"
2.24405908798972,7.16286869882608,"2018-03-13"
2.28918200970963,8.11466105186067,"2018-03-14"
1.55996598943883,7.3927071230673,"2018-03-15"
3.89143546441496,9.03806676187076,"2018-03-16"
-3.32044080671909,3.77848473506924,"2018-03-17"
-1.3092019996297,5.38271719038817,"2018-03-18"
0.80163433908046,5.29149470662121,"2018-03-19"
9.93874521072797,12.3516856078694,"2018-03-20"
6.1186672752168,10.7963942444407,"2018-03-21"
9.11028494896781,13.9775053010049,"2018-03-22"
2.04199240562877,7.46806516402589,"2018-03-23"
-0.896208658241463,5.53659846409967,"2018-03-24"
-2.1803665648431,4.27609007259444,"2018-03-25"
-1.34437589413448,3.42038245018318,"2018-03-26"
-0.468684614311619,5.18352755466828,"2018-03-27"
3.24815713566229,7.86475017111567,"2018-03-28"
5.06302709492194,9.50243989792721,"2018-03-29"
1.24906048675734,6.76853922533321,"2018-03-30"
-4.0284391174067,3.46193583469277,"2018-03-31"
-4.14738532760168,3.3511778312798,"2018-04-01"
11.4316165035221,15.8295164233577,"2018-04-02"
16.5887439816762,16.7342396871217,"2018-04-03"
12.8796839515519,16.1119160747048,"2018-04-04"
1.608078994614,6.40570736303675,"2018-04-05"
12.3793056377122,14.3754811829174,"2018-04-06"
1.64286884798165,6.60576975513988,"2018-04-07"
0.279024480712166,5.8444290016215,"2018-04-08"
3.87727657300619,7.51214737029456,"2018-04-09"
1.49006130410552,6.21503237742831,"2018-04-10"
-3.96154194600471,1.74250384998641,"2018-04-11"
-0.897277612470578,4.21786221590909,"2018-04-12"
5.89183143956339,8.19916310541311,"2018-04-13"
3.46197496197496,8.07026523964635,"2018-04-14"
23.0551380891968,23.2931243631423,"2018-04-15"
24.5262619689505,27.2944734290595,"2018-04-16"
2.37879425658295,8.00887021475257,"2018-04-17"
-1.2453813791842,4.37617655121996,"2018-04-18"
3.67594813038458,7.8947181377993,"2018-04-19"
-0.335104498760184,5.08296073310018,"2018-04-20"
-2.41202485584728,3.94928224319946,"2018-04-21"
0.0730477424130274,5.90016184971098,"2018-04-22"
-0.149326313910949,5.0415274250323,"2018-04-23"
-2.63485207375412,3.13569472169351,"2018-04-24"
4.63865585168019,9.37967419474269,"2018-04-25"
-0.424992212184593,5.87455516014235,"2018-04-26"
3.29767359103243,8.5951282278818,"2018-04-27"
-3.06952200134018,4.11957730812013,"2018-04-28"
-3.6388811963445,3.44666820382753,"2018-04-29"
-2.69465411597549,3.51644547028275,"2018-04-30"
-4.05833063284107,1.91083568422513,"2018-05-01"
2.17601826824494,6.953143809612,"2018-05-02"
16.9535436671239,19.2036547575647,"2018-05-03"
3.12220539770197,8.59903961584634,"2018-05-04"
-4.66651874861327,3.05572806920262,"2018-05-05"
-0.551086156111929,5.65508205764722,"2018-05-06"
-4.60239791178162,2.88955725596002,"2018-05-07"
-4.5393861540579,2.63755898657626,"2018-05-08"
6.34111466423024,10.4622456874972,"2018-05-09"
11.734027746599,14.4086011891457,"2018-05-10"
2.13084236126465,7.73111956137248,"2018-05-11"
0.53468973679761,6.07038534996068,"2018-05-12"
2.09748815165877,7.41197066477407,"2018-05-13"
18.9315055890335,22.1356882406563,"2018-05-14"
18.2523653120251,21.4290421047531,"2018-05-15"
14.0027346465817,18.2087378640777,"2018-05-16"
11.0189156786999,14.9333067269744,"2018-05-17"
8.45456560283688,12.1570954173124,"2018-05-18"
4.35487994664295,9.50847833314862,"2018-05-19"
17.9356733324011,20.6150532654006,"2018-05-20"
11.5089246070509,15.1681878599911,"2018-05-21"
7.72348258248585,11.5209155123383,"2018-05-22"
3.08894684773811,8.14450581525888,"2018-05-23"
2.39270207447042,7.91353860978494,"2018-05-24"
4.72832522036574,9.63083457395569,"2018-05-25"
-0.653994953742641,5.43264872124909,"2018-05-26"
2.75,7.61112638117751,"2018-05-27"
2.3805218531878,7.42985074626866,"2018-05-28"
3.95335474822422,8.77291394015976,"2018-05-29"
9.66388964763726,13.9126689036003,"2018-05-30"
14.16087487008,17.3852963645351,"2018-05-31"
15.857123721927,19.9285777817309,"2018-06-01"
4.94136389044159,10.9282336578581,"2018-06-02"
4.59724978081307,9.74816963669015,"2018-06-03"
3.52851206789851,9.54353003440064,"2018-06-04"
-1.36918696614995,4.44198221780927,"2018-06-05"
-0.487312365975697,5.37938263895084,"2018-06-06"
5.90155890399062,10.3252155172414,"2018-06-07"
8.61995972061533,13.0700320855615,"2018-06-08"
13.9185999185999,17.2641060675067,"2018-06-09"
17.1855250201414,19.1873158975274,"2018-06-10"
9.71967332278616,13.2167888813097,"2018-06-11"
0.175779055192981,6.1909243987738,"2018-06-12"
4.35815434941678,8.53533834586466,"2018-06-13"
4.30080669513826,8.85589651022864,"2018-06-14"
5.66507364122171,10.3861536459463,"2018-06-15"
3.16117456787628,9.24505749445229,"2018-06-16"
6.72564229027485,12.8175594039468,"2018-06-17"
8.22074799643811,13.0408244504401,"2018-06-18"
18.2805417229022,21.0717258601554,"2018-06-19"
13.0541243934715,16.2574584176714,"2018-06-20"
13.387842649393,16.0272851880408,"2018-06-21"
14.5841254955454,16.8142747832001,"2018-06-22"
4.69745079380979,10.3041804180418,"2018-06-23"
15.7684799641818,18.5824561403509,"2018-06-24"
13.3772275531186,17.8232661238757,"2018-06-25"
16.873792948574,20.3079566245705,"2018-06-26"
6.26860605018907,10.8095462935142,"2018-06-27"
23.7472114137484,26.0599252545212,"2018-06-28"
4.7364643933925,10.9605825818197,"2018-06-29"
2.87637860889172,9.33556718681211,"2018-06-30"
3.79448984356759,10.1550864439163,"2018-07-01"
3.0842414479295,8.91222096102913,"2018-07-02"
2.9885991766072,8.48979591836735,"2018-07-03"
0.809526440846549,5.66699713593303,"2018-07-04"
6.97035053321219,10.8429756004575,"2018-07-05"
11.6630210008731,15.0561406722227,"2018-07-06"
-1.20759468668214,6.1494644355595,"2018-07-07"
0.689613158696314,7.23216381896439,"2018-07-08"
4.90902524007818,10.8772938689218,"2018-07-09"
3.30585599172663,9.11735110728875,"2018-07-10"
1.09366743373391,6.72153839601346,"2018-07-11"
7.97369665191043,11.90035420134,"2018-07-12"
1.30515759312321,7.09523609123811,"2018-07-13"
0.759319005310964,6.92241080706616,"2018-07-14"
15.0709130844054,18.7327170418006,"2018-07-15"
15.4739928935314,18.1584453138289,"2018-07-16"
17.0699703128568,20.9498503672803,"2018-07-17"
3.14047751249306,8.90682885189927,"2018-07-18"
9.0522536222701,12.600640728407,"2018-07-19"
17.1901040560629,19.2270590726233,"2018-07-20"
9.52419113987058,14.0902908766008,"2018-07-21"
18.7673561151079,21.0365886109633,"2018-07-22"
24.2472647702407,27.0601046841732,"2018-07-23"
16.9823285287161,20.4890016920474,"2018-07-24"
15.3676001572808,17.8193174893358,"2018-07-25"
8.06636417606649,12.4787427556157,"2018-07-26"
15.6692702521759,19.0217564693371,"2018-07-27"
6.12270183852918,11.8203237858032,"2018-07-28"
10.6550144016758,15.2974361206634,"2018-07-29"
9.17403314917127,12.7339911909199,"2018-07-30"
14.6277172733978,17.633233985573,"2018-07-31"
17.120822178081,17.9879585429837,"2018-08-01"
26.7541847074053,27.7546501328609,"2018-08-02"
24.1572292718425,27.1746776084408,"2018-08-03"
5.8625472887768,12.6829403466344,"2018-08-04"
1.81152083787912,8.42609870945239,"2018-08-05"
9.25059513688148,12.6960742750551,"2018-08-06"
17.4597420230821,18.9488753472533,"2018-08-07"
20.1165527542661,22.7897415113033,"2018-08-08"
17.619830420488,20.7360220376189,"2018-08-09"
10.8759802871223,14.9455663236989,"2018-08-10"
21.0720098511618,23.6253782851075,"2018-08-11"
14.8226149048674,17.9669276457883,"2018-08-12"
25.5253795705687,27.4995749250526,"2018-08-13"
19.1514628384518,22.6581621133439,"2018-08-14"
6.61339368106517,11.6872669853941,"2018-08-15"
5.43576187405975,9.87659939888364,"2018-08-16"
12.6816365951095,15.1810600768425,"2018-08-17"
7.90919246728375,11.8266751215388,"2018-08-18"
7.67840301791889,12.9672792469745,"2018-08-19"
10.656675987417,13.5948062116664,"2018-08-20"
11.7406051174074,13.5949794614331,"2018-08-21"
-0.308315527065527,5.26488770291305,"2018-08-22"
0.709151037813846,6.06055475973434,"2018-08-23"
0.222691821707115,5.78518582992428,"2018-08-24"
-0.220775623268698,5.50688111424308,"2018-08-25"
-1.97715956329085,4.16066709195298,"2018-08-26"
0.92697981876286,6.32353969919552,"2018-08-27"
7.40936436133004,11.5087499419765,"2018-08-28"
0.519121017390914,4.97553091186639,"2018-08-29"
0.759778001136215,5.35789060455378,"2018-08-30"
10.3785098386027,13.1944810616047,"2018-08-31"
7.94924903100775,12.6169094095606,"2018-09-01"
-2.19463662873806,3.83123181377304,"2018-09-02"
11.6405710773886,14.8959594537519,"2018-09-03"
-0.706111163183054,5.23964039893243,"2018-09-04"
-0.642305518930119,4.65957847196086,"2018-09-05"
7.71429908291222,10.9043251548024,"2018-09-06"
10.3953030516102,13.4706209969368,"2018-09-07"
-3.1177323053736,3.15783683631521,"2018-09-08"
3.83074354098056,7.96703804724701,"2018-09-09"
3.98673787271918,8.17940287897636,"2018-09-10"
-1.03508282151498,3.82649695730943,"2018-09-11"
3.06501962595244,6.70446070984671,"2018-09-12"
-1.19005280498262,3.82179735762276,"2018-09-13"
0.465942293644996,5.24851909231751,"2018-09-14"
-4.12502226179875,2.05856202951811,"2018-09-15"
1.65313705873946,7.80277738146193,"2018-09-16"
-1.50565334988693,4.52481861617413,"2018-09-17"
6.85946989313121,11.2436029618521,"2018-09-18"
-2.89046356404864,2.16426289365586,"2018-09-19"
8.0519394261424,11.0678100612848,"2018-09-20"
9.98493799323563,13.1329606440072,"2018-09-21"
0.322870725700212,6.88980968165971,"2018-09-22"
-0.624527431996312,4.81924936679714,"2018-09-23"
-0.442945920930848,3.88717768195019,"2018-09-24"
9.29127660565414,10.6838266040979,"2018-09-25"
16.7151230404242,17.029831387808,"2018-09-26"
3.83994346789153,7.16070877595098,"2018-09-27"
1.86028347009522,6.47908811924594,"2018-09-28"
-1.41089024320784,4.94778750995336,"2018-09-29"
-1.68850946008306,4.13005207613254,"2018-09-30"
1.39653649054603,6.02308370044053,"2018-10-01"
0.540541805081177,4.79833418640361,"2018-10-02"
-1.57735420921262,3.26008338620502,"2018-10-03"
1.19030944981836,5.55170605967932,"2018-10-04"
4.29457330415755,7.90498388080509,"2018-10-05"
2.59195011337868,6.47380925444055,"2018-10-06"
5.68370532594008,8.24678579716872,"2018-10-07"
10.804136037552,13.4703496318504,"2018-10-08"
10.7416850919697,13.4970541475732,"2018-10-09"
1.25091759955955,4.86711267928333,"2018-10-10"
17.2694066014446,18.4121283753068,"2018-10-11"
6.28924278318856,10.2052965637995,"2018-10-12"
6.67895186556537,11.095794790307,"2018-10-13"
5.10396451344608,9.19037734108313,"2018-10-14"
12.3152475247525,13.5366473785727,"2018-10-15"
0.25700127295872,4.22138964577657,"2018-10-16"
-0.470336308718781,3.89632800180221,"2018-10-17"
2.50019634364501,6.82812431890502,"2018-10-18"
5.38145094446626,9.00726908679377,"2018-10-19"
-1.43216617878856,3.30046631833249,"2018-10-20"
2.22037728887044,7.47137923094635,"2018-10-21"
2.54408347582095,7.50844269466317,"2018-10-22"
0.762457866448028,5.30795470050484,"2018-10-23"
-1.92854242793341,2.50310922855083,"2018-10-24"
1.93408079574208,6.0001306790957,"2018-10-25"
6.26554240027961,9.3558886323036,"2018-10-26"
0.18649609912804,5.01190612478535,"2018-10-27"
-0.990759360337068,4.48589191774271,"2018-10-28"
-3.20430355250426,2.90499861916598,"2018-10-29"
-4.86797282662203,0.599645878418257,"2018-10-30"
-1.65093494569477,3.33741921105416,"2018-10-31"
2.18089798950643,5.6906738394472,"2018-11-01"
4.03392620364867,6.73260256526881,"2018-11-02"
-3.90342840679919,2.0195141607184,"2018-11-03"
-2.2981453727988,3.37385406922357,"2018-11-04"
3.83200432490877,8.1150688618725,"2018-11-05"
4.00616251851144,8.36833571769194,"2018-11-06"
-0.129959213941416,4.14557489353823,"2018-11-07"
3.64056624640566,7.14219678626458,"2018-11-08"
16.8894927536232,18.1488066351965,"2018-11-09"
-0.280299108426805,5.53038832720588,"2018-11-10"
2.12843867030376,6.73941743987444,"2018-11-11"
7.58901156908459,10.2294210665027,"2018-11-12"
6.96873710749484,9.68813217996247,"2018-11-13"
2.60358475116004,6.25904900313366,"2018-11-14"
28.8546345641416,27.9992948145362,"2018-11-15"
20.3073483842408,23.8478030236053,"2018-11-16"
6.23327167881623,11.2197730604267,"2018-11-17"
-1.07202400800267,5.08064899842984,"2018-11-18"
-1.84096632776793,4.02310092683154,"2018-11-19"
6.70341135909998,11.4986903901734,"2018-11-20"
3.76000866551127,8.6504610589203,"2018-11-21"
-7.0142222891113,1.00248082995038,"2018-11-22"
-5.77316761104003,1.48430275006084,"2018-11-23"
2.23676829819958,7.12400793650794,"2018-11-24"
9.27137481403693,12.7811452209885,"2018-11-25"
26.7701524054352,28.8276146033489,"2018-11-26"
12.0694178609775,15.6006810019124,"2018-11-27"
4.74022306256283,8.19683571530997,"2018-11-28"
4.71585792896448,8.33362065054666,"2018-11-29"
-0.550356607459229,4.3310905396252,"2018-11-30"
1.71296901944461,6.42284023668639,"2018-12-01"
8.87708486182441,12.7775612607785,"2018-12-02"
2.00530810062312,6.37696986452861,"2018-12-03"
-0.464429465108385,4.168169041388,"2018-12-04"
-0.146765581439304,3.98659365558912,"2018-12-05"
2.46172682749864,6.46130521361332,"2018-12-06"
1.3727125214099,6.07177571775718,"2018-12-07"
-1.53086271206834,4.170670189767,"2018-12-08"
0.334810126582278,6.17423764458465,"2018-12-09"
1.63658709524935,7.47538817310869,"2018-12-10"
-2.91796514732295,3.44846634685274,"2018-12-11"
-3.65640492941121,2.17102036967182,"2018-12-12"
2.18083420134958,6.6993278296567,"2018-12-13"
8.74208185860786,11.7259976472717,"2018-12-14"
-2.83966717809513,4.24064360228679,"2018-12-15"
1.83707645737721,8.67472463203041,"2018-12-16"
-3.79111600587372,3.35375240538807,"2018-12-17"
-2.34482429790683,5.08882753367925,"2018-12-18"
-2.95079379397438,4.86582289883794,"2018-12-19"
14.3593646298836,17.9531854980641,"2018-12-20"
17.8841180883456,21.943544838511,"2018-12-21"
5.15658025685986,12.5295676033683,"2018-12-22"
-0.668329513280302,6.73775941065493,"2018-12-23"
-4.98610402132607,3.49674608114991,"2018-12-24"
-6.88395090454307,2.47467177878471,"2018-12-25"
9.17489826119127,13.1519207052483,"2018-12-26"
20.0694118188936,23.8714397101316,"2018-12-27"
21.3117938013341,24.7589382448537,"2018-12-28"
9.64155545989382,14.9818242534109,"2018-12-29"
3.97870026284782,10.2300497062811,"2018-12-30"
7.07276609724047,11.1946242994722,"2018-12-31"
6.57725453985842,11.9067171820602,"2019-01-01"
8.73757356269805,13.1486968697773,"2019-01-02"
2.65121767037946,9.08730644326258,"2019-01-03"
-2.44967890123283,5.17437289404717,"2019-01-04"
1.65393625715064,8.6594935333116,"2019-01-05"
5.74644787829498,12.3720797177458,"2019-01-06"
-0.252420470262794,6.23930837855238,"2019-01-07"
-4.0687515390298,3.21684262214584,"2019-01-08"
-4.44008840203709,2.18076683142185,"2019-01-09"
0.938485073243093,6.98309000184809,"2019-01-10"
0.0650106196324684,5.50656228413539,"2019-01-11"
0.172983895658563,5.69133166595498,"2019-01-12"
2.25335743801653,8.38388771785512,"2019-01-13"
-0.0546427740283919,5.78516006132974,"2019-01-14"
-0.465688712083541,4.51531245346702,"2019-01-15"
-0.122556427631258,5.13378056487288,"2019-01-16"
5.13466809123426,8.33392005187827,"2019-01-17"
7.74307576753356,10.843340815563,"2019-01-18"
8.7708751297129,13.1449235431878,"2019-01-19"
6.13038115933517,10.8464375622036,"2019-01-20"
17.1613609813084,21.0997235291265,"2019-01-21"
13.7442217168245,18.5560037720034,"2019-01-22"
16.2909642448655,18.9806214997274,"2019-01-23"
19.7592915351642,21.804919263988,"2019-01-24"
8.49699741315595,13.106617477519,"2019-01-25"
-1.147412755716,5.22782149078023,"2019-01-26"
3.55433369989003,7.73671365243811,"2019-01-27"
6.99904919181304,13.013696583325,"2019-01-28"
1.04979621695057,6.98216706643028,"2019-01-29"
7.77812995245642,12.9709979323104,"2019-01-30"
8.00468098097079,13.5506399837464,"2019-01-31"
12.241731951025,16.8213717600823,"2019-02-01"
0.945871271585557,8.8339255657378,"2019-02-02"
-4.26789774302667,3.67974795489719,"2019-02-03"
3.07173943563105,9.87463828992813,"2019-02-04"
-0.966547252636359,6.21180852670257,"2019-02-05"
3.39701273261508,7.55495363591996,"2019-02-06"
12.8485740046505,16.4988909339752,"2019-02-07"
9.05793721136353,13.1864454051039,"2019-02-08"
0.365416285452882,7.2122779265028,"2019-02-09"
11.2274227118128,13.9619076487825,"2019-02-10"
10.649946844496,13.9839243725707,"2019-02-11"
20.8278571428571,21.6206482593037,"2019-02-12"
11.7479787024256,15.5094958394518,"2019-02-13"
8.31468916192921,13.536988050716,"2019-02-14"
6.94931000270587,11.8182554320932,"2019-02-15"
0.0765439257755871,6.29723635522664,"2019-02-16"
15.682159725204,18.194962836212,"2019-02-17"
14.8532118534879,18.4020395975929,"2019-02-18"
9.32489111910623,12.388197586727,"2019-02-19"
32.225847630719,31.6991886409736,"2019-02-20"
11.7598626195117,16.7395650161962,"2019-02-21"
13.0716011120733,16.6825598259608,"2019-02-22"
7.5758588886327,11.8578569376616,"2019-02-23"
8.19793234969387,12.6595818989173,"2019-02-24"
13.3400350893831,18.5371428571429,"2019-02-25"
7.08200944611421,11.5848787446505,"2019-02-26"
5.83556085918854,10.0645622053992,"2019-02-27"
10.2448185356141,14.508378122036,"2019-02-28"
13.1413413141069,16.7212685218648,"2019-03-01"
11.8194336479733,14.928551647743,"2019-03-02"
15.3267542796179,16.7218974928747,"2019-03-03"
13.1449904100831,17.4678978568171,"2019-03-04"
5.14613470929697,9.39636530940879,"2019-03-05"
3.05090282188549,7.23671585045714,"2019-03-06"
4.29453255060019,9.13908935835192,"2019-03-07"
5.77365410644894,9.76629653821032,"2019-03-08"
17.6408591935824,19.5968748361386,"2019-03-09"
14.029051500387,18.6074851251306,"2019-03-10"
1.42776080314273,7.6696280811776,"2019-03-11"
1.54477611940298,6.15335606604451,"2019-03-12"
4.47008834261571,10.434047027337,"2019-03-13"
13.0478769795731,18.28474002197,"2019-03-14"
11.3014132875446,15.9780325573254,"2019-03-15"
0.983190661478599,8.26120099564406,"2019-03-16"
-2.31905752532561,5.0398590021692,"2019-03-17"
-4.1785122525508,3.22738364999128,"2019-03-18"
-5.80040476725883,1.9920895321138,"2019-03-19"
-3.33195353184671,3.81834348463967,"2019-03-20"
1.15319204604919,7.07909063194112,"2019-03-21"
5.84582094771813,11.274737255244,"2019-03-22"
-1.77763369469371,6.04770043505283,"2019-03-23"
-1.26667271572453,6.53396388650043,"2019-03-24"
2.10583637082254,8.04562387693387,"2019-03-25"
-3.45459039230666,3.41046015712682,"2019-03-26"
-1.76907024242962,5.19440131316268,"2019-03-27"
-3.02673633790551,4.16554245180382,"2019-03-28"
-2.48918989320135,4.47640732066962,"2019-03-29"
-3.83760816622623,3.5972480860749,"2019-03-30"
-0.150645234321938,6.12139722184517,"2019-03-31"
12.4884667571235,19.3775095131872,"2019-04-01"
-4.05134452264934,2.5938246562993,"2019-04-02"
-2.6544862356668,3.79163694721826,"2019-04-03"
1.68114932520679,6.70520507473062,"2019-04-04"
0.912928531183635,6.79991341991342,"2019-04-05"
-0.249479805794163,5.80468874594652,"2019-04-06"
9.24313978692985,13.553696658569,"2019-04-07"
6.67486062947193,12.0172707795899,"2019-04-08"
4.75046495804037,9.17215372804047,"2019-04-09"
1.8219114864553,7.0743436204514,"2019-04-10"
5.33890161210652,10.5216516059766,"2019-04-11"
10.527724665392,14.0057675628794,"2019-04-12"
10.1855106754549,14.7814858292806,"2019-04-13"
30.2595797898949,31.384706113623,"2019-04-14"
14.134483373451,19.9218694414799,"2019-04-15"
-3.48995404991441,4.08865375956776,"2019-04-16"
-2.77626599387277,3.60729218181001,"2019-04-17"
8.46532106892192,12.8494408424351,"2019-04-18"
26.1938846421126,28.8665745856354,"2019-04-19"
2.58627045746523,10.2845428682992,"2019-04-20"
-3.42111935392995,5.13119902503047,"2019-04-21"
1.55955474705475,8.19569166882948,"2019-04-22"
-3.94264779049256,3.49302892207734,"2019-04-23"
-2.40415206255055,4.40556303275011,"2019-04-24"
-3.01114580622777,3.89187315889794,"2019-04-25"
11.3593511278871,15.8631311102183,"2019-04-26"
0.58385584364232,7.62660048508094,"2019-04-27"
-1.20763809956808,5.58990192517254,"2019-04-28"
6.80431842966194,12.1696980245409,"2019-04-29"
4.74851632047478,8.80862459023962,"2019-04-30"
0.424197195838987,6.21365717877346,"2019-05-01"
18.1015090989791,20.0888594749614,"2019-05-02"
13.1980712166172,16.2475561541469,"2019-05-03"
3.4656894679696,9.64148901634022,"2019-05-04"
8.09138808139535,13.3981941309255,"2019-05-05"
2.36968911917098,8.28554838709677,"2019-05-06"
5.01147918832196,9.26064092768214,"2019-05-07"
12.6585421516272,16.342011995638,"2019-05-08"
8.14720812182741,12.3582466373569,"2019-05-09"
5.06851381048821,10.3764877755339,"2019-05-10"
7.82048145883138,13.3458321794517,"2019-05-11"
3.72692910482161,9.40378418193536,"2019-05-12"
8.3698114839156,13.8033838470811,"2019-05-13"
-2.45750556792873,4.84563698660615,"2019-05-14"
-1.31898221517873,5.40444991645414,"2019-05-15"
5.83311905374132,11.1119565682042,"2019-05-16"
3.71283870416275,9.20751257781189,"2019-05-17"
14.7713232419148,18.0523423623446,"2019-05-18"
16.4702508307916,20.3601953601954,"2019-05-19"
9.94582627946347,13.9132708180286,"2019-05-20"
9.69765868182433,14.2205412220271,"2019-05-21"
0.296790511076225,6.48589464518938,"2019-05-22"
16.4551952580195,18.7416695591808,"2019-05-23"
7.29710052369396,12.6245323129252,"2019-05-24"
-4.27575006881365,3.63488921875859,"2019-05-25"
-0.330932545014781,5.32803808301241,"2019-05-26"
4.85443830912719,11.9148161798581,"2019-05-27"
10.6930625285258,14.3681162043531,"2019-05-28"
15.1233732431026,18.5443709230841,"2019-05-29"
11.5775597792765,15.8371819449285,"2019-05-30"
1.72489718985607,7.3286447199658,"2019-05-31"
7.07237726515029,11.959390321893,"2019-06-01"
9.74313716593312,14.0454524917544,"2019-06-02"
2.06623995876112,8.07868346618668,"2019-06-03"
-0.633352496351656,5.00996736350004,"2019-06-04"
9.80093635440131,12.7905185315609,"2019-06-05"
5.37286125698797,10.4880027036161,"2019-06-06"
7.36553911205074,11.3491174116358,"2019-06-07"
17.796272460485,22.5341007487394,"2019-06-08"
19.1994365429182,23.8336719490722,"2019-06-09"
18.7229343495583,22.1939456573225,"2019-06-10"
8.14548573879477,13.4855075566211,"2019-06-11"
7.97697382421792,11.819046405978,"2019-06-12"
13.4104152712659,16.1889737490088,"2019-06-13"
4.66252605252188,9.98211835156152,"2019-06-14"
9.7048375093029,13.5092199980278,"2019-06-15"
20.4150523975865,22.4273791896621,"2019-06-16"
16.3727564789034,20.002472398653,"2019-06-17"
17.7525028292853,20.5355858782759,"2019-06-18"
19.2181535538475,20.8473420002574,"2019-06-19"
22.7721716514954,25.092721791559,"2019-06-20"
14.3541129202791,18.6428511247788,"2019-06-21"
7.87853413456802,12.9495406082641,"2019-06-22"
14.7564216120461,17.7870545326713,"2019-06-23"
13.8292290767538,17.1548963424912,"2019-06-24"
14.566555384352,18.7961604095563,"2019-06-25"
6.53171082097435,10.892882667003,"2019-06-26"
9.22474736886243,13.2058234607042,"2019-06-27"
11.1479910995424,15.2130305939313,"2019-06-28"
16.4589178356713,20.4147718828949,"2019-06-29"
15.2491520762673,20.0959022744884,"2019-06-30"
2.71846459896917,9.93955944750384,"2019-07-01"
6.71254208754209,11.2365516601744,"2019-07-02"
4.24302565062722,9.6495004202073,"2019-07-03"
3.06899641577061,9.39451734875445,"2019-07-04"
6.40115683865684,10.3509183673469,"2019-07-05"
21.1050261029788,24.7174099702005,"2019-07-06"
14.6845072866065,18.7922707404683,"2019-07-07"
14.3159168683749,18.175014536091,"2019-07-08"
0.832653747530371,7.90025188916877,"2019-07-09"
1.55844211063396,7.8135192226447,"2019-07-10"
19.2929382149009,23.0963433326035,"2019-07-11"
8.05265805802448,14.3413676427587,"2019-07-12"
1.13081865894933,7.70239726027397,"2019-07-13"
3.43061110394358,9.16633824537354,"2019-07-14"
6.93605498854405,12.5278227312337,"2019-07-15"
5.04619267984855,9.6808698207464,"2019-07-16"
16.0590877376592,19.6674724800345,"2019-07-17"
30.3806905652078,33.8401906344279,"2019-07-18"
18.0124231449507,23.857949790795,"2019-07-19"
15.0145960458872,20.3721731534505,"2019-07-20"
19.0377276669558,21.7866563227308,"2019-07-21"
13.1575526475431,17.6738663689454,"2019-07-22"
11.4561628055804,15.8015903389038,"2019-07-23"
4.24221814236836,9.7170817023403,"2019-07-24"
0.141946697566628,7.19805127781677,"2019-07-25"
-0.388150289017341,6.35383600610133,"2019-07-26"
-2.65634140493886,4.85968190092939,"2019-07-27"
-0.857963246554365,6.67252803261978,"2019-07-28"
10.1150149015657,14.9354757720311,"2019-07-29"
10.9050622123743,15.0356040424542,"2019-07-30"
13.9318102240896,18.3239723946352,"2019-07-31"
18.63674708959,21.1326427912438,"2019-08-01"
13.1159724554921,17.5617229687304,"2019-08-02"
3.76546180873081,9.66391594300245,"2019-08-03"
6.4962940875788,11.7978339350181,"2019-08-04"
3.18499566706557,8.4516713321258,"2019-08-05"
8.49561909646536,12.3877638030271,"2019-08-06"
20.7750725426188,23.427343155255,"2019-08-07"
18.8201132541406,21.6576416253549,"2019-08-08"
6.2350622406639,11.9901790154152,"2019-08-09"
-1.00293398533007,6.50517932180201,"2019-08-10"
1.39013740850135,8.1082617429585,"2019-08-11"
0.543885374334911,7.15515004394593,"2019-08-12"
8.60912347330715,12.2255903821383,"2019-08-13"
11.8099240897199,14.6869717408008,"2019-08-14"
12.1590428680139,15.5636455568196,"2019-08-15"
7.46578671694951,12.6383965891991,"2019-08-16"
9.00406035390245,13.6013706167775,"2019-08-17"
22.9699382292382,26.4300086101418,"2019-08-18"
12.8978302900107,17.9808317645045,"2019-08-19"
21.4025404368089,23.6178471025664,"2019-08-20"
11.8937810063785,15.821710555335,"2019-08-21"
13.4098311218335,16.6600008545913,"2019-08-22"
9.09872408969522,12.2730039308508,"2019-08-23"
-4.44302945591966,3.177556083945,"2019-08-24"
-2.34396931258446,4.84124151140519,"2019-08-25"
3.19349082256968,8.59021872488048,"2019-08-26"
1.14655744963471,7.51691355295158,"2019-08-27"
0.0559151931181301,5.75281775619906,"2019-08-28"
-1.38416508738682,5.49251723558096,"2019-08-29"
2.94832365936065,9.40968310616159,"2019-08-30"
-4.5119847151459,4.43619113733657,"2019-08-31"
-5.99870217808374,2.45850447307714,"2019-09-01"
4.56850995564782,10.0939521800281,"2019-09-02"
1.97081043956044,9.89015188633023,"2019-09-03"
-1.85354141656663,4.73559143390984,"2019-09-04"
-5.12422558309038,1.58104908478281,"2019-09-05"
-1.11508420244706,4.89763708513709,"2019-09-06"
-7.71897687925835,1.41043904067665,"2019-09-07"
0.112106418238008,7.16252347312886,"2019-09-08"
0.383406226995193,5.77543965777989,"2019-09-09"
2.45074858499178,7.67448400997959,"2019-09-10"
3.81034560446988,7.88553216321767,"2019-09-11"
13.1942794759825,15.9262901401097,"2019-09-12"
8.02927440975525,11.999784427007,"2019-09-13"
-5.01745486281569,2.34199629508554,"2019-09-14"
0.489763075547608,7.21492617210153,"2019-09-15"
-0.47430369923256,5.82235511766984,"2019-09-16"
-0.412402467791689,5.04725513249525,"2019-09-17"
1.84095909478694,6.76964101644781,"2019-09-18"
4.00885675553547,9.07851072440308,"2019-09-19"
3.85344827586207,9.7955656424581,"2019-09-20"
-4.54058778542554,2.70488137442051,"2019-09-21"
-2.40987687247189,3.97865921291983,"2019-09-22"
0.546458061712299,6.15384282124599,"2019-09-23"
-4.94141084850131,2.11352842733728,"2019-09-24"
-6.25843098667144,0.965494122379654,"2019-09-25"
0.451305802135598,5.89542399726039,"2019-09-26"
9.42448720275912,14.3257439134355,"2019-09-27"
0.237963933160536,6.29187761391151,"2019-09-28"
0.278825995807128,5.90271714922049,"2019-09-29"
-0.723700068870523,5.57582663284172,"2019-09-30"
-4.26207860104561,2.2737012694697,"2019-10-01"
-2.50642445724413,3.46190244549595,"2019-10-02"
-0.157699680511182,5.92316201497617,"2019-10-03"
0.350412450038269,6.23273885350318,"2019-10-04"
-5.15897545585798,1.89944432571062,"2019-10-05"
-0.242434951627866,5.65046918366448,"2019-10-06"
-0.24466499126805,5.76834091779016,"2019-10-07"
-3.03854845141566,3.26321147207223,"2019-10-08"
0.89231513658558,5.87468704704177,"2019-10-09"
10.3160031090768,13.6761839337083,"2019-10-10"
14.1019198556887,18.4293489906999,"2019-10-11"
-4.96503384680987,3.44024286322965,"2019-10-12"
-2.01350936444581,4.62581577679471,"2019-10-13"
-2.92553597962216,4.3301666737351,"2019-10-14"
-1.51510734163795,4.32685941293313,"2019-10-15"
4.54622292657158,8.04148174188162,"2019-10-16"
6.32637457044674,11.5207475994513,"2019-10-17"
0.397066950053135,6.77394961553167,"2019-10-18"
-2.93253989432673,4.28248587570621,"2019-10-19"
7.28261159227182,11.9734232447441,"2019-10-20"
11.3613445378151,15.3327170314314,"2019-10-21"
3.10822106620426,8.02642898319365,"2019-10-22"
-2.6550435317914,3.44954974741928,"2019-10-23"
5.05051425595626,9.68537385598342,"2019-10-24"
4.86346326644132,9.63373061642958,"2019-10-25"
-0.80362702791282,5.51348700343306,"2019-10-26"
6.6507279344859,11.4300762804214,"2019-10-27"
0.687536335584276,6.76722906623817,"2019-10-28"
8.30802353954356,11.47365412101,"2019-10-29"
12.2005074949485,13.5508482519449,"2019-10-30"
18.0257139846138,20.2756172678394,"2019-10-31"
1.57876570481845,8.49163372253379,"2019-11-01"
-4.03387237762238,3.18189259986902,"2019-11-02"
-3.61447668440113,4.10680001785953,"2019-11-03"
-4.36679303808375,2.82403304220626,"2019-11-04"
-4.41916747337851,2.92243639876708,"2019-11-05"
-2.95385659353088,3.19938594906989,"2019-11-06"
3.49282071064249,8.12712734114427,"2019-11-07"
3.64782273272758,9.70306218458643,"2019-11-08"
-5.43493206744148,3.53019988018082,"2019-11-09"
-4.28425158459288,3.50621763950967,"2019-11-10"
23.0749457750704,26.1165818548572,"2019-11-11"
12.6927313769752,16.6051742011088,"2019-11-12"
-0.307517591520442,6.14305413460255,"2019-11-13"
0.355054445682929,6.10815208083576,"2019-11-14"
0.124700650017106,6.61157377749306,"2019-11-15"
-5.0511060259344,3.18909071133348,"2019-11-16"
-2.71226581831036,5.00123614851441,"2019-11-17"
0.13597224007197,7.35899080607227,"2019-11-18"
-4.43570887373535,2.95515415758331,"2019-11-19"
-1.45822840733378,4.24224506905529,"2019-11-20"
-0.0253007406138961,5.26826766942996,"2019-11-21"
1.3592427143161,7.10434893400153,"2019-11-22"
-3.69746714336069,3.76441341904379,"2019-11-23"
-4.77543142597639,3.5733405925321,"2019-11-24"
-4.90945400081696,2.76494583692154,"2019-11-25"
2.60777145951801,7.39500179791442,"2019-11-26"
6.98495054570259,10.6664965986395,"2019-11-27"
-3.56807066209212,3.62243412432669,"2019-11-28"
-0.166147075004585,6.82120695948412,"2019-11-29"
12.9187210584344,15.8775842350664,"2019-11-30"
23.6652139295143,25.153028028028,"2019-12-01"
21.8340241720843,24.69484527121,"2019-12-02"
10.3875527813475,16.5184455341185,"2019-12-03"
3.38419505923409,9.83995423340961,"2019-12-04"
-1.71639251276234,5.50862970711297,"2019-12-05"
0.250840648063234,6.64568164973623,"2019-12-06"
-3.90919520449722,4.41952838827839,"2019-12-07"
-2.76347483628704,4.74701768819416,"2019-12-08"
12.4749551971326,16.3318469633461,"2019-12-09"
2.40829930056799,7.05442272535508,"2019-12-10"
9.00366753770687,12.9679677847435,"2019-12-11"
1.25516790231138,6.82196491533539,"2019-12-12"
6.99601750547046,11.1291968256737,"2019-12-13"
3.74290780141844,9.21804297030831,"2019-12-14"
0.651476251604621,6.93091458114105,"2019-12-15"
7.33786596979227,10.1273964131107,"2019-12-16"
16.548144981236,19.0584756587974,"2019-12-17"
11.6150454545455,16.0815384615385,"2019-12-18"
5.761365116582,12.8020548835999,"2019-12-19"
5.47164514317799,12.2867123819382,"2019-12-20"
3.02152172911194,10.9658886894075,"2019-12-21"
8.95300859598854,15.3019132876953,"2019-12-22"
10.0729129975343,17.7440400403916,"2019-12-23"
2.09684572315539,12.5679536679537,"2019-12-24"
-6.02816901408451,4.79355488418933,"2019-12-25"
4.22907605114011,11.4327939306232,"2019-12-26"
1.73702269927855,9.26348356519068,"2019-12-27"
12.1689969034437,18.3487306559446,"2019-12-28"
9.07727637563542,16.2232768562051,"2019-12-29"
11.1572031076582,16.55952749635,"2019-12-30"
1.07603244050795,9.71614278103356,"2019-12-31"
